category,website,secondTelnumber,name,telnumber,address,secondEmail,logo,email,secondWebsite
Waterbehandeling,http://www.aqua-soft.be,,Arley,09 324 56 39,"Florastraat 77, 9050 Gentbrugge (Gent)",,yes,,http://www.euraqua.com
Restaurants,http://www.kelsbekerhof.be,,LUSOTA,,"Sint-Truidersteenweg 147, 3540 Herk-de-Stad",,yes,,
Lingerie & ondergoed - Kleinh.,http://www.cupslingerie.be,,Cups Lingerie,053 28 01 19,"Steenweg 582/1, 9470 Denderleeuw",,yes,info@cupslingerie.be,http://www.ladyboetiek.be
Cafes,,,Chupitos,,"Brakelsesteenweg 43, 9400 Ninove",,yes,,
Traiteurs,http://www.traitevent.be,,Lunatik,0487 56 31 12,"Vossenplein 7, 1000 Brussel",,yes,,http://www.lesfreresdebekker.be
Reinigen (Industrieel),http://arterior-cleaning-brussels.be,,J.L.Entreprises Generales,,"Rue des Verreries 29/19, 7170 Manage",,yes,,http://www.maxicleaning.be
Allerlei,,,Minsart Sophie,,"Allee de l'Avenir 25, 4821 Andrimont (Dison)",,yes,,
Sportclubs & sportcentra,,,Van Parys Frank,,"Engelendalelaan 158, 8310 Assebroek (Brugge)",,yes,,
"Dag-, weekbladen & tijdschriften - Verdelers",,,Coco Giuseppe,,"Rue Maximilien Wattelar 31, 6040 Jumet (Charleroi)",,yes,,
Beursvennootschappen,http://www.leleux.be,,Malfait Jean-Claude,057 49 07 70,"Kiplinglaan 3, 8900 Ieper",,yes,claudemalfait@skynet.be,http://www.lawaisse.be
Verpleegkundigen - Particulier,,,FIL +,,"Rue de la Prairie 1, 6140 Fontaine-l'Eveque",,yes,jaques.danguez@fil.be,
Kaas - Kleinh.,http://grimod.be,,Grimod Traiteur,09 222 37 71,"Koningin Elisabethlaan 55, 9000 Gent",,yes,traiteur@grimod.be,
Dakwerken,http://www.castorbvba.be,,Castor,09 278 20 21,"Destelbergenstraat 66/14, 9040 Sint-Amandsberg (Gent)",,yes,info@castorbvba.be,http://www.vanvlaenderen-bvba.be
Laboratoria - Algemeen,http://www.innogenetics.be,,Innogenetics,09 241 07 11,"TECHNOLOGIEPARK 6, 9052 ZWIJNAARDE",,yes,,http://www.medilab.be
Allerlei,http://www.seuropak.com,,Lefevre Aurore,,"Sinte Annaplein 11B, 7780 Komen (Komen-Waasten)",,yes,,
Fotografie (Portret-),http://www.portraitstudios.be,02 272 01 90,Portrait Studios,02 272 01 90,"Vilvoordsesteenweg 161, 1860 Meise",info@portraitstudios.be,yes,info@portraitstudios.be,http://www.portraitstudios.be
Schoonheidsinstituten,https://www.facebook.com/Schoonheidssalon-Heidi-Cindy-415191585280744/,,Pedicha Verzorgingscentrum,,"Frere-Orbanstraat 99, 8400 Oostende",,yes,,
Advocaten,,,Leclere Sarah,084 21 36 41,"Rue de Behogne 78, 5580 Rochefort",,yes,s.leclere@avocat.be,
Secretariaatsdiensten voor bedrijven,http://www.ludique.be,,Emios,03 298 86 69,"Jan Van Puyenbroecklaan 20, 2900 Schoten",,yes,,http://www.secro.be
Communicatie - Adviesbureaus,http://www.propaganda.be,,A.M.R.A.,0486 51 32 87,"AVENUE CLAYS 25, 1030 BRUXELLES",,yes,,http://www.visiyou.com
Kleding - Kinderen,http://www.cks-fashion.com,,CKS,03 233 71 33,"Korte Gasthuisstraat 14, 2000 Antwerpen",,no,,http://www.nidemdito.be
Boetieks,http://juneandvic.be,,June & Vic,013 30 57 08,"Koning Albertstraat 60, 3290 Diest",,no,muriel@juneandvic.be,
Allerlei,,,Englebert Astrid,,"Grand'Place 10, 4590 Ouffet",,no,,
Vakantieboerderijen & gastenkamers,http://www.bb-sintpieter.be,,B&B Sint-Pieter,0475 24 05 14,"Mandelstraat 28, 8870 Izegem",,no,info@bb-sintpieter.be,
Snack-bars,http://www.deliway.eu,,Deliway (Shell),087 89 03 81,"Rue Mitoyenne 37, 4837 Baelen",,no,info@deliway.eu,
Allerlei,http://www.favette.be,,Faruk,,"Sint-Gummarusstraat 50, 2060 Antwerpen",,no,,http://www.vvkp.be/psycholoog/14109
Aannemers - Woningbouw,http://resporepair.be,,Respo Repair Belux,014 74 80 82,"Schans 1/b, 2480 Dessel",,no,info@resporepair.be,http://www.bouwbedrijfgevaco.be
Internet - Webdesign,http://www.conceptgraphic.be,,Conceptgraphic.be,082 61 57 55,"Rue du Cayaux 7A, 5620 Flavion (Florennes)",,no,,http://www.davidhosse.net
Artsen,,,Van den Eynde J-P,02 653 68 44,"Fontaine Fonteny 2, 1332 Genval (Rixensart)",,no,,
Cafes,http://www.bar24.be,,Tafeltje Rond,0499 87 69 95,"Gildekamersstraat 10, 2000 Antwerpen",,no,,
Cafes,,,P&B,012 21 70 21,"Stevoortse Kiezel 238, 3512 Stevoort (Hasselt)",,no,,
Restaurants,,,SCABAAB ANNE-SYLVIA,,"Rue de la Gohiette 25, 5380 Hemptinne (Fernelmont)",,no,,
Verpleegkundigen - Particulier,http://www.thuisverplegingannpeeters.be,,Omega Assistance,0485 51 10 95,"Rue de l'Infante 111, 1410 Waterloo",,no,,
Computers & toebehoren,,,Charlier Etienne,071 45 56 91,"Place Philippot 8, 6180 Courcelles",,no,,
Financiele groepen,http://www.ambbvba.be,,Rik Van Beers Holding,0475 48 72 30,"Kooiman 1, 2370 Arendonk",,no,info@ambbvba.be,
Evenementen (Organisatie van),http://www.accio.be,,Formule W,053 78 28 48,"Bruisbeke 21, 9520 Sint-Lievens-Houtem",,no,,http://dekeyserendekok.be
Energiedeskundigen,http://www.energie-hermans.be,,Deneyer Daniel,04 360 71 33,"Rue du Doyard 28, 4141 Louveigne (Sprimont)",,no,,http://www.hg-vitalis.be
Marktonderzoekbureaus,http://www.marktonderzoek-tendens.be,,Ecvolus,016 25 04 50,"Werchtersesteenweg 29, 3150 Haacht",,no,,http://www.theicmagroup.com
Allerlei,http://www.bouwcenter-vanhulle.be,,Orka Solaire,,"Axeldreef 1/B, 9810 Nazareth",,no,,http://sophiethijs.be
Boekhouders & fiscalisten,,,Cornil P,0474 95 01 52,"Rue de la Grande Cense 16/3, 5640 Saint-Gerard (Mettet)",,no,m@gatam.be,
Allerlei,http://www.seuropak.com,,Marrecau Julie,,"'t Helleke 10, 8500 Kortrijk",,no,,
Aannemers - Verbouwingswerken,http://loboverbouwingen.be,,Willems Willy,0496 90 58 88,"Glabbeekstraat 146, 3450 Geetbets",,no,,
Beleggingen,https://www.axabank.be/nl/kantoren/verdibel,,JLW Consul,02 772 10 46,"Fazantenparklaan 25, 1150 Sint-Pieters-Woluwe",,no,,http://www.zakenkantoor-webo.be
Garages,http://www.garageteirlynck.be,,Lemmens-Le Couter,056 73 88 88,"Gentseweg 209, 8792 Desselgem (Waregem)",,no,info@lemmenslecouter.be,http://www.garagevandenbroucke.be
Schoonheidsinstituten,http://www.coiffure-fourniturespro-bxl.com,,Loanny Beauty and Nails,0488 82 45 02,"Avenue de Tervueren 46, 1040 Bruxelles",,no,loannynails@hotmail.com,
Artsen,,,Becquevort P,02 524 19 33,"Albert De Costerlaan 8, 1070 Anderlecht",,no,,
Landbouwwerken,,,Grosjean,080 31 93 43,"Bergifa 24, 4990 Bra (Lierneux)",,no,,
Communicatie - Adviesbureaus,http://www.mve-consulting.be,,Civer Consult,09 349 09 20,"Everslaarstraat 17, 9160 Lokeren",,no,,http://www.magelaan.be
Allerlei,http://www.kinekessel-lo.be,,Cotton Patch,,"Tiensestraat 29, 3000 Leuven",,no,,http://www.groepspraktijkdering.be
Verpakkingsmachines,http://www.ausloos.net,,Ausloos Verpakkingstechniek,016 25 67 34,"Everveld 23, 3200 Gelrode (Aarschot)",tom@ausloos.be,no,info@ausloos.be,http://www.ausloos.be
Allerlei,,,Kaday Mustafa,,"Rue des Volutes 29, 6030 Marchienne-au-Pont (Charleroi)",,no,,
Restaurants,,,La Brasserie,081 20 02 03,"Chaussee de Louvain 333, 5004 Bouge (Namen)",,no,,
Artsen,https://www.praktijkvoorvrouwenkind.be,,Verlinden Nicolaas,0476 28 94 13,"Fortsteenweg 5, 2970 's-Gravenwezel (Schilde)",,no,nicverlinden@hotmail.com,https://www.praktijkvoorvrouwenkind.be
Metaalbewerking,http://www.metaalconstructiedevos.be,,Van Poorten Gunther,03 336 14 01,"Bosstraat 6, 9190 Kemzeke (Stekene)",,no,,http://www.bcmbvba.be
Brood- & banketbakkerijen,,,Keustermans (Patisserie),,"Diestsesteenweg 245, 3010 Kessel-Lo (Leuven)",,no,,
Architecten,http://www.h-h.be,,Mingels L,0497 69 49 60,"Bloemenstraat 9, 3770 Vlijtingen (Riemst)",,no,,http://www.mikloskiss.be
Hi-fi & stereo - Fabr. & Grooth.,http://www.vaessen.com,,Vaessen Audiodesign,0495 10 85 83,"Lage Kaart 185, 2930 Brasschaat",,no,info@vaessen.com,http://www.bowers-wilkins.com
Wijnen & sterke dranken - Fabr. & Grooth.,http://www.cinoco.com,,Meersseman Wine Diffusion,02 268 00 75,"Gustave Demanetstraat 12, 1020 Laken (Brussel)",,no,,http://www.diageo.com
Huisdieren & toebehoren - Kleinh.,,,Delsaux Jonathan,,"Rue de la Station 20, 5070 Aisemont (Fosses-la-Ville)",,no,,
Garages,http://garage-vanorshaegen.be,,SIMONS HUBERT,,"Herentalsesteenweg 93, 2280 Grobbendonk",,no,,http://www.garagehufkens.be
Hypothecaire leningen & consumentenkrediet,http://www.immothekerfinotheker.be,,Immotheker Finotheker,065 33 66 36,"Avenue du General Michel 1E, 6000 Charleroi",,no,charleroi@immothekerfinotheker.be,
Tandartsen,http://www.orthodontie-aerts.be,,Kerkhofs L,,"Hoogstraat 58, 3600 Genk",,no,,
Dakwerken,http://www.berger-bildt.com,,Berger & Bildt,02 456 83 47,"Vliegwezenlaan 70/Bus 1, 1731 Zellik (Asse)",,no,benb@edasbe.com,http://www.reno-k.be
Allerlei,http://www.bouwcenter-vanhulle.be,,Boucart Maxime,,"Doorniksesteenweg 224/2, 8580 Avelgem",,no,,
Telecommunicatiesystemen,,,Vandenplas Lee,016 23 67 62,"Valkenplein 2, 3000 Leuven",,no,,
Boekhouders & fiscalisten,http://www.jsservices.be,,De Ryck J,02 520 84 80,"KAPT FOSSOULLN 21, 1070 BRUSSEL",,no,,http://www.acompagnie.be
Ijssalons,,,A la Gondole,,"Rue de Tilleur 14, 4420 Saint-Nicolas",,no,,
Kleding - Heren,http://www.mistercostumes.be,,Costumes.be,0475 64 93 63,"Avenue Astrid 4, 6032 Mont-sur-Marchienne (Charleroi)",,no,info@mistercostumes.be,
Verpleegkundigen - Particulier,http://www.alfacare.be,,Van den Heede Sherley,0496 54 39 07,"Jules Haerinckstraat 40, 8790 Waregem",,no,,http://www.dezorgvlinder.be
Allerlei,http://www.vancutsem.be,,PW Power Systems Europe,,"Havenlaan 86/C 204, 1000 Brussel",,no,,http://www.allenovery.com/pages/default.aspx
Demonstratieverkoop - Bedrijven,,,Joris Dries,,"Rooierlee 12, 3670 Gruitrode (Meeuwen-Gruitrode)",,no,,
Software,http://www.wings.be,,S P Q R,016 35 06 60,"Bierbeekstraat 123, 3360 Korbeek-Lo (Bierbeek)",,no,,https://www.intelligentleds.be
Allerlei,http://davy-dvs.be,,Verlinden Glenn,,"Veldenstraat 56, 2580 Beerzel (Putte)",,no,,http://plastischechirurgie-jacobs.be
Garages,https://www.facebook.com/autofixparts/,056 22 40 30,Autofix,056 22 40 30,"Stasegemsesteenweg 190, 8530 Harelbeke",info@autofix.be,no,info@autofix.be,https://www.facebook.com/autofixparts/
Video - Producties & realisaties,http://www.bink-media.be,,Bruno Beeckman,03 294 60 38,"Mortselsesteenweg 95, 2540 Hove",,no,beeckman@eurovision.net,http://www.stokedhouse.be
Financiele groepen,,,Drie Koningen Berchem,,"Grote Steenweg 103, 2600 Berchem (Antwerpen)",,no,,
Artsen,,,Belgische Vereniging Van Geneesheren Acupuncturisten,,"Rue Principale 60, 6953 Ambly (Nassogne)",,no,,
Allerlei,http://www.seuropak.com,,La Tulipe Noire,056 49 68 01,"Groenestraat 191, 8930 Menen",,no,,
Allerlei,,,P.C.G.,,"Place Josephine-Charlotte 34, 5100 Jambes (Namen)",,no,,
Aannemers - Verbouwingswerken,http://www.cedriclebatisseur.net,,Le Batisseur Cedric,0488 05 81 88,"Rue Desire Streel 8A/2, 4280 Bertree (Hannut)",,no,cedriclebatisseur@gmail.com,http://www.massoelsbouw.be
Ramen,http://www.matkopen.be,,Matkopen,,"Statiestraat 85, 2600 Berchem (Antwerpen)",,no,info@matkopen.be,http://www.euroconcept-algemenebouwwerken.be
Groenten & fruit - Kleinh.,http://hetvitamientje-mechelen.be,,Het Vitamientje,015 21 22 31,"Steenweg 46, 2800 Mechelen",,no,info@hetvitamientje-mechelen.be,
Vervoer - Algemeen,http://www.chalets-pico.be,,Sakem Transport,0486 72 04 05,"BRUSSELBAAN 111, 1790 AFFLIGEM",,no,,http://www.vandenhoute.be
Tankstations,http://www.q8.be,,Q8 Service Station,,"Kortrijksestraat 272, 8870 Izegem",,no,,http://www.karlvanderstichele.be
Bemiddelaars,,,Vermeersch Bjorn,0478 36 73 65,"ALBRECHT RODENBACHSTRAAT 4, 8908 VLAMERTINGE",,no,,
Aannemers - Woningbouw,http://www.tdbouw.be,,TDBouw,03 710 62 60,"Jan de Malschelaan 7 A, 9140 Temse",,no,,http://www.woningbouw-vanhove.be
Bedrijfsbeheer & -organisatie - Adviesbureaus,http://www.field-fashion.be,,Vervaet T,03 281 81 91,"Houthulststraat 84, 2170 Merksem (Antwerpen)",,no,tanja.vervaet@gmail.com,http://www.profondo.be
Studiebureaus - Algemeen,http://www.archimedesnv.com,,Percy,03 458 14 09,"INDUSTRIEPARK 8, 2220 HEIST-OP-DEN-BERG",,no,,https://www.studie10.be
Kapsalons - Dames,,,Turnhout Styling,014 42 68 09,"Anjerstraat 3, 2340 Beerse",,no,kreatos_turnhout@skynet.be,
Herstellingen - Dringende herstellingen aan huis,http://www.ch-projects.be,,Tony Slock,053 67 12 10,"Fosselstraat 97/A, 1790 Hekelgem (Affligem)",,no,,http://www.dmctechnics.com
Kinesitherapeuten,,,Erpicum F,04 371 27 41,"Grand'Route 21, 4122 Plainevaux (Neupre)",,no,,
Artsen,http://oogartsvanhijfte.be,,Leysen,09 349 55 10,"Bergendriesstraat 4, 9160 Lokeren",,no,,
Tegels,http://www.vloerenvandevelde.be,,Vanleke Miguel,058 29 82 39,"Dorpsstraat 10, 8630 Houtem (Veurne)",,no,,
Allerlei,http://www.vancutsem.be,,Parking Entre- Deux-Portes,,"Bisschopsstraat 1, 1000 Brussel",,no,,http://www.deladrieretranslation.be
Demonstratieverkoop - Bedrijven,,,Birti Joelle,,"Rue d'Aty 54, 5370 Havelange",,no,,
Verzekeringstussenpersonen,,,AllSsur,,"Driekoningenplein 9, 9820 Merelbeke",,no,,
Tuinaanleg & -onderhoud,,,VAN DER JEUGD RIK,09 335 46 92,"Ombeekhof 62, 9040 Sint-Amandsberg (Gent)",,no,,
Vloerenleggers & mozaiekbewerkers,http://www.bvbaverhoeven.be,,Van Looveren G,014 63 56 18,"Berthoutsdreef 37, 2440 Geel",,no,,
Allerlei,,,Cosedi Hainaut-Namur,,"Boulevard Mairaux 3, 7100 La Louviere",,no,,
Fotografen,http://www.katrienbels.be,,Bels Katrien,0496 96 61 54,"Eynestraat 8, 3800 Zepperen (Sint-Truiden)",,no,katrienbels@yahoo.com,
Grasmaaiers,http://www.geurtsh.be,,Geurts H en Zonen,089 41 19 25,"Riemsterweg 242, 3740 Kleine-Spouwen (Bilzen)",,no,info@geurtsh.be,
Verpakking - Ontwerp & realisatie,http://www.seendesign.be,,JJM,,"Chaussee de Charleroi 476, 1370 Jauchelette (Jodoigne)",,no,,
Ramen,http://www.devoshout.be,,Devos,055 38 81 50,"Keuzelingsstraat 16, 9690 Kwaremont (Kluisbergen)",,no,info@devoshout.be,http://www.winsol.be
Immobilien - Binnenland,http://www.etimo.be,,Assurances Immobilieres,071 54 04 12,"Rue Albert 1er 18, 6150 Anderlues",,no,info@etimo.be,http://www.bcz.be
Tenten (Hallen) - Fabricage & verhuur,http://www.dwcverhuur.be,,CONTINENTAL TAVERNES,,"Pieter Vanderdoncktdoorgang 4, 9000 Gent",,no,,http://www.getenten.be
Computers & toebehoren,http://www.dvcs.be,,THINK 2 VALUE,02 466 87 23,"VELDBLOEMENLAAN 6, 1731 RELEGEM",,no,,http://www.computersdezonnebloem.be
Schoonmaakbedrijven,http://www.bqssprl.be,,Building Quality Services,068 44 96 20,"Rue du Docteur Desenepart 4 A, 7862 Ogy (Lessines)",,no,info@bqssprl.be,http://www.pj-service.be
Restaurants,http://www.truffenoire.com,,Yakitori,02 640 86 59,"Boondaalse Steenweg 353, 1050 Elsene",,no,,http://www.dehoef-1627.com
Auto's - Onderdelen & Toebeh. - Kleinh.,http://www.verhuurbedrijfvkdakkoffers.be,,Verhuurbedrijf VK Dakkoffers,0476 62 47 41,"Dullaard 1, 9255 Buggenhout",,no,verhuurbedrijfvk@telenet.be,http://www.droeshout.be
Loodgieters,,,Debbaut Mathieu,,"Paepemunte 50, 9571 Hemelveerdegem (Lierde)",,no,mathieu.debbaut@skynet.be,
Juweliers & goudsmeden - Kleinh.,http://www.juwelenrams.be,,De Prasioliet,03 887 68 29,"Paepevelden 3, 2627 Schelle",,no,,http://www.juweliervanrooy.be
Studiebureaus - Algemeen,http://www.anteagroup.be,,VERSCHAEREN NICKY,03 236 19 13,"Kerkstraat 98, 2620 Hemiksem",,no,verschaeren@skynet.be,http://www.pierre-withaeckx-verlichting-vlaanderen.be
Schrijn- & timmerwerken - Aannemers,http://schrijnwerkerelsen.be,,V.D.B. Rudi,016 56 64 11,"Mensbergstraat 8, 3200 Gelrode (Aarschot)",,no,rudiger.van.den.broeck@telenet.be,http://www.schrijnwerkensteurs.be
Begrafenisondernemingen,http://www.reweghs.be,,Joalkoba,011 32 30 58,"Wijkstraat 25, 3590 Diepenbeek",,no,info@reweghs.be,http://www.begrafenissendonkerscuypers.be
Marketing - Adviesbureaus,http://www.inspirendwerken.nl,,inspirend-werken.nl,649988544,"Simpelveldstraat 26, 5035LJ Tilburg",,no,inspirendwerken@gmail.com,
Restaurants,,,Imo Atlante,071 39 80 38,"Rue Hamoir 93/3, 7100 La Louviere",,no,,
Artsen,,,Close M,02 351 47 90,"Avenue Reine Astrid 175, 1410 Waterloo",,no,,
Allerlei,http://www.vvkp.be/psycholoog/14109,,Dams Sammy,03 252 91 89,"Pastoor Coplaan 38, 2070 Zwijndrecht",,no,,http://www.favette.be
Elektronica - Apparaten,http://www.elektrobeyers.be,,Pulse,,"Fortstraat 23, 2560 Kessel (Nijlen)",,no,,
Evenementen (Organisatie van),http://www.singulierpluriel.be,,Singulier Pluriel,0477 96 29 09,"Rue du Vieux Mayeur 34, 4000 Liege (Luik)",,no,info@singulierpluriel.be,http://www.suc6.be
Hypothecaire leningen & consumentenkrediet,http://www.fintro.be,,INVESTORE,02 460 09 55,"Neerhoflaan 128, 1780 Wemmel",,no,mpatigny@busmail.net,
Kapsalons - Inrichting & Benodigdh.,http://www.coiffure-fourniturespro-bxl.com,,Hairdis Madou,02 217 72 27,"Leuvense Steenweg 23, 1210 Sint-Joost-ten-Node",,no,madou@hairdis.com,http://www.kappersproductenoostvlaanderen.be
Allerlei,http://plastischechirurgie-jacobs.be,,Ekchouchou Nabil,,"Sint-Jan Berchmansstraat 100, 2800 Mechelen",,no,,http://www.degoudenschaar.eu
Boekhandels,http://www.forbiddenzone.net,,Le Corsaire,02 344 38 16,"Van Volxemlaan 71, 1190 Vorst",,no,,
Thuiszorg,,,Gorjup B,065 82 56 25,"Rue des Croix 89, 7012 Jemappes (Bergen)",,no,,
Elektriciens - Installateurs,,,Soloviev Kirill,,"Saksenboomstraat 229, 9630 Meilegem (Zwalm)",,no,elektro.k@outlook.com,
Traiteurs,,,RKN,02 503 36 48,"Place de Londres 6, 1050 Bruxelles",,no,,
Software,https://www.intelligentleds.be,,Software Ohain,,"Chaussee de Louvain 571, 1380 Ohain (Lasne)",,no,,http://www.axi.be
Allerlei,,,Dr Maldague - Gastro-Enterologie,0478 26 16 35,"Rue de Tongrinne 16, 5190 Balatre (Jemeppe-sur-Sambre)",,no,,
ICT - Consultants (Adviesbureaus),http://www.wevecs.be,,Fontep Raoul,,"Voorheide 32/3, 2370 Arendonk",,no,raoul.fontep@gmail.com,http://www.kapitol-e.be
Garages,,,Garage Vonhoff,,"Verbindungsweg 7, 4730 Raeren",,no,,
Software,http://www.sodego.be,,Intrasoft,03 664 84 63,"Laurentdreef 7, 2900 Schoten",,no,,http://www.orca-belgium.be
Schuldinvorderingen,www.schuldvorderingenbrussel.be,,Fiducre,02 728 95 30,"Henri Matisselaan 16, 1140 Brussel",,no,mail@fiducre.be,
Maneges,http://www.ruitersschoolhacienda.be,,Hacienda,051 30 10 82,"Beiaardstraat 118, 8870 Izegem",,no,info@ruitersschoolhacienda.be,
Koerierdiensten,,,Laurens Aertssen Transport,,"Schuurveld 29, 2550 Kontich",,no,laurens_aertssen@hotmail.com,
Kleding - Kinderen,,,Popov,,"Luikerstraat 79, 3800 Sint-Truiden",,no,,
Tandartsen,,,Van Vlaenderen Helga,054 34 11 85,"Windmolenstraat 16, 1760 Onze-Lieve-Vrouw-Lombeek (Roosdaal)",,no,,
Gehandicapten - Diensten & centra,http://www.geleidehond.be,,Bailou (Le),087 68 85 67,"Rue de Battice 57, 4880 Aubel",,no,lebailou@hotmail.com,http://www.terengelen.be
Dentaaltechnische bedrijven,,,Torcque,0477 19 08 07,"Enclus du Bas 10, 7750 Orroir (Mont-de-l'Enclus)",,no,,
Polyester,http://www.alustyl.be,,Poly-Styl,04 231 29 05,"Rue des Semailles 40, 4400 Mons-lez-Liege (Flemalle)",,no,polystyl@polystyl.be,http://www.atelier.be
Software,http://www.instavid.be,,Instavid,0471 57 85 55,"Vlaanderenstraat 39, 9000 Gent",,no,,http://www.dack.be
Slagers,http://www.vanengelandt.com,,Brussels Meat,02 523 31 09,"Schipstraat 5, 1080 Sint-Jans-Molenbeek",,no,brussels.meat@skynet.be,http://www.abattoir.be
Groenten & fruit - Teelt,,,Mohy Julien,0498 35 86 29,"Rue Albert Raty 59, 5550 Vresse-sur-Semois",,no,mohyjudel@hotmail.com,
Artsen,http://www.kaan2006.be,,DOKTER OSMANAGAOGLU-DOKTER DURAN,,"COUPURE 680, 9000 GENT",,no,kaan.dokter.osmanagaoglu@telenet.be,http://www.oogcentrum-gent.be
Landbouwwerken,,,Soc Agricole Destexhe Phil,04 259 53 97,"Rue Gerbehaye 1, 4537 Bodegnee (Verlaine)",,no,,
Sociale & maatschappelijke instellingen,http://www.fragnee-blonden.be,,Maison de Fragnee,04 254 12 39,"Place des Franchises 11, 4000 Liege (Luik)",,no,,
Boekhouders & fiscalisten,,,Kleyntsens M,04 227 49 47,"Rue sous la Ville 24, 4041 Vottem (Herstal)",,no,,
Voedingsmiddelen - Kleinh.,,,"Andrej Oljaca, M.",02 771 48 07,"Chaussee de Roodebeek 67, 1200 Bruxelles",,no,,
Frituren,http://www.dentwijfelaer.be,,Den Twijfelaer,089 56 66 06,"Weertersteenweg 87, 3680 Maaseik",,no,r.beesmans@telenet.be,
Meeneemmaaltijden,http://www.pizzafresca.eu,,Pizza Fresca,02 771 45 00,"Bosstraat 292, 1150 Sint-Pieters-Woluwe",,no,,
Speelgoed - Fabr. & Grooth.,http://www.3dextratime.be,,3D Extra Time,014 37 54 56,"Taaihoek 59, 2480 Dessel",,no,3dextratime@telenet.be,http://www.chheusdens.be
Kampeerterreinen,http://www.dekloek.be,,MACKA,014 71 51 51,"Lierse Steenweg 92, 2280 Grobbendonk",,no,,
Textielveredeling,http://www.finipur.eu,,Finipur,056 78 20 11,"Oudenaardse Heerweg 76, 8540 Deerlijk",,no,sales@finipur.eu,
Financiele groepen,,,Jonckers G.,013 67 63 57,"VELDSTRAAT 106, 2430 VORST",,no,,
Motorhomes & toebehoren,http://www.dcmotorhomes.be,,DC Motorhomes,09 383 63 00,"Industriepark-Drongen 4 C, 9031 Drongen (Gent)",,no,info@dcmotorhomes.be,http://www.ruwelka.be
Vervoer - Algemeen,http://www.travadri.com,,Verhelst W,09 371 51 44,"Lostraat 5, 9850 Merendree (Nevele)",,no,,http://www.luchthavenvervoer66.be
Advocaten,http://www.gevaco.be,,Bielen Christoph,011 42 53 00,"Paalsesteenweg 81, 3580 Beringen",,no,christoph.bielen@gevaco.be,http://www.advocaatvandervoortnancy.be
Allerlei,http://www.favette.be,,Omerta,,"Schriekbos 88, 2980 Zoersel",,no,,http://www.vvkp.be/psycholoog/14109
Belastingconsulenten,http://www.allconsultinggossart.eu,,All Consulting Gossart,02 446 49 93,"Wilstraat 2, 1070 Anderlecht",,no,contact@all-consulting-gossart.eu,http://www.pdbconsult.be
Centrale verwarming (Installatie van),http://www.demoitie-barthelemy.be,,Demoitie Barthelemy - BDH,086 43 37 24,"Rue du Chataignier 10, 6960 Harre (Manhay)",,no,barthelemy.demoitie@skynet.be,http://www.elektriciteitswerkenlavigne.be
Loonverpakking,,,Shin-Etsu PVC,010 45 95 87,"Avenue Jean Monnet 1, 1348 Louvain-la-Neuve (Ottignies-Louvain-la-Neuve)",,no,,
Tegels,http://www.carrelagespeschon.be,,Carrelages Andre Peschon,061 21 15 87,"Marvie 9, 6600 Wardin (Bastenaken)",,no,carrelages.peschon@skynet.be,
Centrale verwarming (Installatie van),http://www.saniklima.be,,Sani-Klima,089 48 11 72,"OPITTERKIEZEL 84, 3960 BREE",,no,info@saniklima.be,http://www.verwarmingsanitairneeroeteren.be
Schoonmaakbedrijven,http://www.juniornettoyagesbat.be,,Junior Nettoyages Bat,0477 49 86 93,"Vanderschrickstraat 100, 1060 Sint-Gillis",,no,,http://arterior-cleaning-brussels.be
Chocoladeartikelen & suikergoed - Kleinh.,,,Leonidas,089 46 19 30,"Witte Torenwal 1 A, 3960 Bree",,no,,
Advocaten,http://www.hoganlovells.com,,Plasschaert,02 346 86 78,"Ulensstraat 84, 1080 Sint-Jans-Molenbeek",,no,,
Allerlei,,,Kobimo,,"Grand'Route 132, 4540 Ombret (Amay)",,no,,
Ijssalons,,,Al Gelato Azzurro,085 21 51 71,"Rue Griange 19, 4500 Huy (Hoei)",,no,,
Tribunes & podiums - Fabr. & verhuur,http://www.stagerenting.be,,Stage Renting,0475 47 03 04,"Natveld 9, 3740 Bilzen",,no,stagerenting@telenet.be,http://www.tribunesetpodiums.be
Schilderwerken - Aannemers,,,Moreno Cuervo M,02 705 26 01,"Generaal Gratrystraat 60/2, 1030 Schaarbeek",,no,,
Garages,http://www.verdonck-bvba.be,,West,03 646 17 06,"Jozef Ickxstraat 1, 2180 Ekeren (Antwerpen)",,no,,http://www.garage-amcs.be
Verpleegkundigen - Particulier,,,Alongi Fabian,,"Rue Grande 13, 7070 Le Roeulx",,no,,
Ijzer- & staalconstructies,http://www.metaalconstructiehansoul.be,,Peixoto Araujo Rui,,"Rue du Chateau Rose 27, 1350 Orp-Le-Grand (Orp-Jauche)",,no,,http://www.louwet.be
Caravans & toebehoren,http://www.caravans-dhondt.eu,0478 96 78 92,Offim Services,067 44 27 80,"Grand'Place 12, 7190 Ecaussinnes-d'Enghien (Ecaussinnes)",,no,info@ladime.be,http://www.vandevencaravans.be
Loodgieters,,,Lodav,0495 70 62 03,"Zwijnaardsesteenweg 59, 9000 Gent",,no,lodav2009@hotmail.com,
Allerlei,,,Kuma,,"Koestraat 35, 8970 Poperinge",,no,,
Bedrijfsbeheer & -organisatie - Adviesbureaus,http://atsap.be,,bimoco,056 70 70 91,"Leiestraat 131, 8792 Desselgem (Waregem)",,no,,http://www.mobius.eu
Kinderdagverblijven & -oppasdiensten,https://www.facebook.com/pages/TKabouterke-Vichte/1429080837354245,,'t Kabouterke,0475 22 88 95,"Nieuwstraat 16, 8570 Vichte (Anzegem)",,no,kabouterke@telenet.be,
Allerlei,http://brandstoffen-sap-roger-en-kris.be,,QB CONSULTANCY,,"Markt 8, 8820 Torhout",,no,,http://www.degrooterammant.be
Allerlei,,,Vandeweghe Dimitri,,"Sint-Livinusstraat 46, 8906 Elverdinge (Ieper)",,no,,
Veefokkerijen,,,"Joseph Laffineuse, M.",,"Rue de Thys 67, 6900 Humain (Marche-en-Famenne)",,no,joseph.laffineuse@gmail.com,
Bedrijfsbeheer & -organisatie - Adviesbureaus,http://www.alten.be,,Focus Impulse,087 76 61 04,"Halloux 15, 4830 Limbourg",,no,eric.moraine@skynet.be,
Dierenklinieken,http://www.vvetteam.be,04 264 31 13,CLINIQUES VETERINAIRES BONGARTZ & ASSOCIES,04 264 31 13,"Esplanade de la Paix 3-5, 4040 Herstal",herstal@vetteam.be,no,herstal@vetteam.be,http://www.vvetteam.be
Bedrijfsautomatisering,http://www.protitec.be,,Protitec,0472 72 78 88,"OOSTMALSESTW 131, 2310 RIJKEVORSEL",,no,gerry@protitec.be,http://www.belogic.be
Meeneemmaaltijden,http://www.lapiazza-nieuwpoort.be,,La Piazza,,"Albert I Laan 293, 8620 Nieuwpoort",,no,,
Ingenieurs-raadgevers,http://www.burobenton.be,,Move,03 296 46 60,"Populierenstraat 4, 9112 Sinaai (Sint-Niklaas)",,no,,https://www.vannieuwenhovegeo.be
Allerlei,http://www.vancutsem.be,,Exel-Bright,,"Louizalaan 363/31, 1050 Brussel",,no,,http://www.deladrieretranslation.be
Software,http://www.sodego.be,,CYBERPOL SOLUTIONS,,"Schutterstraat 17/3 3, 2370 Arendonk",,no,,http://www.wings.be
"Dag-, weekbladen & tijdschriften - Verdelers",http://www.dagbladhandel-steven.be,,Blauw Hof,03 665 32 02,"Hoevensebaan 233, 2950 Kapellen",,no,,
Aannemers - Verbouwingswerken,http://decuypere-evert.be,,De Klus Expert,050 69 06 93,"Kievitstraat 15, 8310 Assebroek (Brugge)",,no,,http://www.bouwonderneming-snauwaert.be
Elektriciens - Installateurs,http://www.vansever.eu,,Alvo-Elek,,"Smetslaan 97, 3090 Overijse",,no,alex.van.belle@pandora.be,
Kleding - Dames,,,Melanite Giuseppe,0484 34 59 47,"Rue du Chemineau 2/A000, 7380 Quievrain",,no,,
Kleding - Herst. & verandering,,,George Cedric,,"Hermans-Lybaertstraat 22/Bus 0001, 8301 Heist (Knokke-Heist)",,no,,
Financiele groepen,,,Mindset8,,"Bondgenotenlaan 10, 3000 Leuven",,no,,
Verpleegkundigen - Particulier,,,De Taeye Delphine,071 72 68 70,"Rue Bois du Prince 8, 5640 Mettet",,no,,
"Marmer, graniet & natuursteen",http://www.david-natuursteen.net,,Lanssens Natuursteen nv,050 31 31 62,"Sint-Pieterskaai 68, 8000 Brugge",,no,info@bvbalanssens.be,http://www.brandtnatuursteen.be
Bloemen & planten - Teelt & Grooth.,http://www.horticulturedasse.be,,Horticulture Dasse,0499 24 07 11,"Rue de l'Institut 37, 4670 Blegny",,no,info@horticulturedasse.be,http://www.bloemisterijhendrix.be/
Juweliers & goudsmeden - Kleinh.,,,Camus Raymond,02 460 25 44,"Clos Charles Bailly 2, 1310 La Hulpe",,no,,
Juweliers & goudsmeden - Kleinh.,http://www.pro-or.be,,Rittweger-Verger,,"Brillat-Savarinlaan 95, 1050 Elsene",,no,rittweger-verger@skynet.be,http://www.bijoutierwolfers.be
Allerlei,,,Robin Regine,,"Rue des Grands Sarts 23, 6230 Viesville (Pont-a-Celles)",,no,,
Schoonmaakbedrijven,http://www.dvrclean.be,,Crius Construct,,"Steenweg 38, 1730 Asse",,no,,http://www.orisma.be
Allerlei,,,Multi Clever Trade,0479 33 44 68,"Rue de la Cathedrale 101, 4000 Liege (Luik)",,no,martin.duchesne.via@gmail.com,
Juweliers & goudsmeden - Kleinh.,http://www.belorjewels.be,,"AGOPIAN, Nazaret",,"Vestingstraat 38/Bus 4, 2018 Antwerpen",,no,,http://www.vermandere-verheyden.be
Psychotherapeuten & psychoanalytici,,,Colpe D,02 343 58 28,"Bondgenotenstraat 262, 1190 Vorst",,no,,
Schrijn- & timmerwerken - Aannemers,http://www.tiberghiengebroeders.be,,Verfaillie Maarten,,"Bijlokevest 116/H000, 9000 Gent",,no,,
Kinderdagverblijven & -oppasdiensten,,,'t Klein Stationneke,03 772 65 01,"Hooimanstraat 201, 9111 Belsele (Sint-Niklaas)",,no,,
Bakkerijen - Grondstoffen,,,"Femke Mees, Mevr.",03 886 09 46,"Schoolstraat 32, 2870 Ruisbroek (Puurs)",,no,,
Restaurants,,,Pain & Salade,,"Place des Wallons 23, 1348 Louvain-la-Neuve (Ottignies-Louvain-la-Neuve)",,no,,
Schrijn- & timmerwerken - Aannemers,,,Jacques A,063 57 85 59,"QUARTIER DES OUYELIS 1, 6767 HARNONCOURT",,no,,
Hondenscholen,http://www.dehondenhoeve.be,0476 49 34 81,Kon. Verdedigingshond Wetteren ten Ede,09 328 94 02,"Groenstraat 10, 9230 Wetteren",,no,,
Tuincentra,http://www.avevewinkels.be,03 667 75 03,Aveve,03 667 75 03,"Spijker 33, 2910 Essen",donkers.paul@aveve.be,no,donkers.paul@aveve.be,http://www.avevewinkels.be
Bedden & matrassen - Kleinh.,http://www.vanwouwe.be,,Van Wouwe Slaapcomfort,03 774 20 23,"Mercatorplein 4, 9150 Rupelmonde (Kruibeke)",,no,info@vanwouwe.be,http://www.maes-boons.be
Personeelsopleiding & -vorming,http://www.itworks.be,,Informer,,"Hoorndriesstraat 63, 9820 Merelbeke",,no,,
Kapsalons - Dames,,,Bernice,051 72 28 47,"Essestraat 15, 8810 Lichtervelde",,no,,
Advocaten,,,Herremans J-P,071 36 09 18,"RUE J BORDET 15, 6032 MONT-SUR-MARCHIENNE",,no,,
Dietisten,http://www.herbronjeleven.eu,,Herbron je leven,0498 10 75 09,"Camiel Cluysestraat 20, 8720 Wakken (Dentergem)",,no,herbronjeleven@live.be,http://www.evelyndujardin.be
Tavernes,http://www.taverne-loeist.be,,Taverne Loeist,054 33 51 03,"Jan De Coomanstraat 55, 9506 Zandbergen (Geraardsbergen)",,no,info@taverne-loeist.be,
Immobilien - Binnenland,http://www.vastgoedrijken.be,,Immo Crea,011 64 31 29,"Norbert Neeckxlaan 197, 3920 Lommel",,no,,http://www.rafbeenders.be
Aannemers - Voegwerken,,,De Backer A,0476 35 32 51,"Rue du Laid Pas 57, 5190 Spy (Jemeppe-sur-Sambre)",,no,,
Immobilien - Binnenland,http://www.pallen.be,,Pallen Agence,050 63 16 31,"Sparrendreef 90, 8300 Knokke (Knokke-Heist)",,yes,,http://www.deva.be
Hernieuwbare energie,http://www.elwa.be,,Bailador-Velez I.,02 414 29 43,"Disselstraat 12, 1020 Laken (Brussel)",,yes,,http://www.solled.be
Sportartikelen - Kleinh.,http://hockeygear.eu,,Hockeygear,534320498,"KUIPERSDIJK 23, 7512CA ENSCHEDE",,yes,,
Grafische ontwerpers,http://www.menfolie.com,,M en Folie,082 22 65 50,"Rue Remy Himmer 357, 5500 Dinant",,yes,info@menfolie.com,http://www.celine-brichot.be
Bedrijfsbeheer & -organisatie - Adviesbureaus,http://www.interconnectis.com,,Interconnectis Group,089 86 67 35,"Leverenweg 52, 3680 Neeroeteren (Maaseik)",,yes,info@interconnectis.com,http://www.field-fashion.be
Verzekeringsmakelaars,http://www.deblaere-blancke.be,,Zakenkantoor Deblaere - Blancke,056 60 10 48,"Verhelststraat 1, 8790 Waregem",,yes,info@deblaere-blancke.be,http://www.christiaens-vc.be
Sportclubs & sportcentra,,,GOEMAERE Eva,057 33 38 13,"Ieperseweg 45, 8970 Poperinge",,yes,,
Nagelstudio's,http://www.nagelstylistepaulienlede.be,,Van Cauter D,0499 25 25 80,"Hulst 14, 9260 Wichelen",,yes,,http://www.enchantingnails.be
Bedrijfsbeheer & -organisatie - Adviesbureaus,http://www.field-fashion.be,,WERNER GEUDENS,03 290 83 57,"Oude Baan 183, 2910 Essen",,yes,,
Aannemers - Woningbouw,,,CONFORT ET CUISINE,,"Rue de la Saboterie 23, 6596 Seloignes (Momignies)",,yes,confortetcuisine@gmail.com,
Allerlei,,,Liegeois Lemmy,,"Rue de la Fontaine 49, 4600 Vise",,yes,,
Boetieks,,,Executive,,"Ankerstraat 51, 9100 Sint-Niklaas",,yes,,
Schilderwerken - Aannemers,http://www.antwerps-renovatie-bedrijf.be,,Group Tilleman,03 689 44 46,"Oudstrijdersstraat 49, 2520 Oelegem (Ranst)",,yes,nfo@antwerpsrenovatiebedrijf.be,
Brood- & banketbakkerijen,,,Patisserie Meheus - Verplancke BVBA,09 388 80 73,"Grote Steenweg 128, 9870 Olsene (Zulte)",,yes,,
Bedrijfsbeheer & -organisatie - Adviesbureaus,http://www.alten.be,,A.T. Investments,03 232 63 46,"Moorter 11, 3150 Haacht",,yes,,http://www.gza.be
Deuren,http://glazenmakerhuysmans.be,,Huysmans Glas,011 42 20 31,"Posthoornstraat 50, 3582 Koersel (Beringen)",,yes,info@huysmansglas.be,
"Ceremonie-, bruids- & communiekleding - Fabr. & verkoop",http://www.natthida.com,,Natthida,0478 25 16 76,"Kipdorpvest 41, 2000 Antwerpen",,yes,info@natthida.com,http://www.couture-rachel.be
Allerlei,http://www.carone-express.be,,BruDeco,,"Korte Kruisstraat 35, 9000 Gent",,yes,,
Boekhouders & fiscalisten,http://www.brefibo.be,,Verbruggen V,03 711 09 77,"Van Aerdtstraat 5/10, 2060 Antwerpen",,yes,,http://www.huysmansplus.be
Allerlei,,,Sansen Vicky Sylvie,,"Gouwelozestraat 100, 8400 Stene (Oostende)",,yes,,
Interieurinrichting,http://www.eprojecten.be,,ePROJECTEN,0474 95 08 85,"Kinderwelzijnstraat 20A, 2920 Kalmthout",,yes,info@eProjecten.be,
Schilderwerken - Aannemers,,,MG COATINGS CONSULTING,,"Lenneke Marelaan 40/24 24, 1932 Sint-Stevens-Woluwe (Zaventem)",,yes,mgrommen@skynet.be,
Winkelinrichting,http://www.leomaes.be,,Maes Leo,03 312 34 84,"Irislaan 5, 2390 Oostmalle (Malle)",,yes,info@leomaes.be,http://www.beneens.be
Schilderwerken - Aannemers,http://www.decoratiewerken.com,,VELGHE EN Cdeg,056 77 29 97,"Oude Bellegemstraat 7, 8550 Zwevegem",,yes,,http://www.xdeco.be
Computers & toebehoren,http://www.computersdezonnebloem.be,,HOGEM OFFICE EQUIPMENTS,09 360 08 17,"Lippenhovestraat 38, 9620 Elene (Zottegem)",,yes,info@hogem.com,http://www.deltronica.be
Diepvriesproducten - Kleinh.,,,Diamant,015 20 95 71,"Sint-Katelijnestraat 169, 2800 Mechelen",,yes,,
Evenementen (Organisatie van),http://www.nicolasdory.be,,L'artDentTendre,0479 73 69 65,"Rue des Acacias 17, 1435 Mont-Saint-Guibert",,yes,,http://www.verhulst.be
Allerlei,http://sophiethijs.be,,Lefevre G,0497 27 20 86,"Eedstraat 6, 9052 Zwijnaarde (Gent)",,yes,,http://www.bouwcenter-vanhulle.be
Allerlei,http://sophiethijs.be,,De Muyter Jacques,,"Sint-Andriessteenweg 38, 9620 Strijpen (Zottegem)",,yes,,http://koffieentheeor.be
Congressen (Organisatie van),http://www.gene-electra.be,,Fire is Gold,,"Schaarbeeklei 647, 1800 Vilvoorde",,yes,,http://www.rscaevents.be
Allerlei,,,Turquand D'Auzay Arnaud,,"Rue de Richelle 39, 4600 Richelle (Vise)",,yes,,
Maaltijden - Levering aan huis,http://www.lekkerthuis.menu,,Lekkerthuis.menu,0475 49 28 84,"Katleendreef 17, 3090 Overijse",,yes,,
Thuiszorg,http://www.infirmieretournaibarouxsmekens.be,,Baroux-Smekens Marie-Francoise,0493 08 51 80,"Rue de Roubaix 49, 7520 Templeuve (Doornik)",,yes,,
Supermarkten & warenhuizen,http://carrefourmarket-denbels.be,,Smatch,015 27 03 48,"Borzestraat 3, 2800 Mechelen",,yes,,
Allerlei,,,Hoefsmit Brigitte,,"Heirstraat 111, 3630 Maasmechelen",,yes,,
Immobilien - Binnenland,http://www.immo-unico.be,,BNL Immo,,"Bovalstraat 5, 8670 Koksijde",,yes,,http://www.lafautprojects.be
Artsen,,,Hem,02 354 40 64,"Avenue du Roi Soleil 22, 1410 Waterloo",,yes,,
Allerlei,,,Mommaerts Guilian,071 50 50 83,"Rue Germain Michiels 5, 6500 Beaumont",,yes,,
Oude metalen,http://www.legrandafbraak.be,,Cantigneaux,0475 60 55 63,"Avenue de la Croix de Bourgogne 12, 1410 Waterloo",,yes,,http://www.deknop.be
Vloerenleggers & mozaiekbewerkers,,,JF Carrelages,0476 30 62 56,"Rue Chaudin 239C, 5300 Bonneville (Andenne)",,yes,johanfondair@hotmail.com,
Onderwijs (Basis-),http://www.gkls-maleizen.be,,Lotharingenkruis,02 687 22 57,"Patrijzenlaan 23 A, 3090 Overijse",,no,gkls-maleizen@telenet.be,
Bedrijfsbeheer & -organisatie - Adviesbureaus,,,CISOL Management and Consulting,,"Boulevard de l'Europe 103/D004, 1420 Braine-l'Alleud",,no,cedric.ieven@gmail.com,
Vervoer - Algemeen,http://www.rhenus.com,,Shahab,014 43 81 96,"Vilvoordsesteenweg 146, 1120 Neder-over-Heembeek (Brussel)",,no,,http://www.vandenhoute.be
Bemiddelaars,,,Tikal Management,,"Avenue des Epiceas 7, 4121 Neuville-en-Condroz (Neupre)",,no,,
Advocaten,http://www.hoganlovells.com,,Mathieu Thomas,02 533 52 52,"Bordiaustraat 25, 1000 Brussel",,no,,http://www.advocaatgeingerhuguette.be
Bedrijfsbeheer & -organisatie - Adviesbureaus,http://www.field-fashion.be,,van Gastel Marinus,03 297 80 52,"Desmedtstraat 34, 2322 Minderhout (Hoogstraten)",,no,,
Boekhandels,,,Liefsoons P,04 337 79 95,"Rue des Bas Sarts 222 B, 4100 Seraing",,no,,
Allerlei,,,Dupont Jan,,"Rue Douffet 22, 4020 Liege (Luik)",,no,,
Politie,,,Zone de police de Gaume,063 58 86 70,"Rue du Huit Septembre 41, 6767 Dampicourt (Rouvroy)",,no,zpgaume.virton@skynet.be,
Schrijn- & timmerwerken - Aannemers,http://www.vdj-schrijnwerk.be,,Vanderjeugt,057 42 20 16,"Bargiestraat 19, 8904 Boezinge (Ieper)",,no,info@vdj-schrijnwerk.be,http://www.schrijnwerkerijvanthuyne.be
Huishoudartikelen - Kleinh.,http://www.panacenterstudio4.be,,Ohana,,"Hoogstraat 26, 2000 Antwerpen",,no,,
Banken,http://www.centea.be,,Auwaert Eric  - Crelan Banque,071 58 73 16,"Rue Felix Dutry 13, 6500 Beaumont",,no,beaumont@centea.be,
Lederwaren - Kleinh.,http://www.kaminalederwaren.be,,Bel &,,"Ridderstraat 2, 3360 Korbeek-Lo (Bierbeek)",,no,,
Allerlei,,,Grignet Charles,,"Rue de Dinant 66/1, 5500 Falmignoul (Dinant)",,no,,
Allerlei,http://sophiethijs.be,,Premium Horse,,"Ginstberg 16, 9860 Scheldewindeke (Oosterzele)",,no,,http://koffieentheeor.be
"Dag-, weekbladen & tijdschriften - Verdelers",,,Laagland,,"Laaglandlaan 40, 2170 Merksem (Antwerpen)",,no,,
Ingenieurs-raadgevers,http://www.sencoprojects.com,,Senco Projects,03 385 10 16,"Sprinkhaanstraat 39/4, 2150 Borsbeek",,no,immodienst@immodienst.be,https://www.vannieuwenhovegeo.be
Voedingsmiddelen - Fabr. & Grooth.,http://www.deli-top.be,,Deli Top,010 22 38 86,"Avenue Vesale 14, 1300 Wavre (Waver)",,no,info@delitiv.be,http://www.vinespa.be
Artsen,http://www.cabinetmessidor.be,,Dokter Moens Michel,02 344 38 86,"Henri Maubelstraat 58, 1190 Vorst",,no,,
Dakwerken,,,Cobat,,"Rue de la Gare 18, 6880 Bertrix",,no,,
Allerlei,http://www.vancutsem.be,,Banden Peeters Overijse,02 657 93 58,"Ninoofsesteenweg 633, 1701 Itterbeek (Dilbeek)",,no,,http://www.deladrieretranslation.be
Studiebureaus - Burgerlijke bouwkunde,http://www.tecobe.be,,Tecobe,014 31 32 39,"Beeldekenslaan 37, 2400 Mol",,no,info@tecobe.be,http://www.studiebureau-vanlommel.be
Seminaries (Organisatie van),http://www.eurovillage-ardennes.com,,Eurovillage Ardennes,061 41 00 30,"Les Fourches 1, 6887 Herbeumont",,no,eurovillage.ardennes@skynet.be,
Accountants,http://www.deneef.be,,DDD & Co BURGERLIJKE MAATSCHAP,03 780 98 80,"August De Boeckstraat 1 /5, 9100 Sint-Niklaas",,no,,http://www.accverschueren.com
Logopedisten,http://www.parmed.be,,Van Esbroeck Julie - ParMed,0486 30 92 12,"Belseledorp 90, 9111 Belsele (Sint-Niklaas)",,no,info@parmed.be,http://logopedistvanessaveyt.be
Computers & toebehoren,http://computersdigicamm.be,,Cube-One,050 73 29 95,"Blauwhuisstraat 40, 8000 Brugge",,no,,http://www.cittel.be
Degustaties,http://www.cookexperience.be,,Cook Experience,0476 77 21 59,"Industriepark-Drongen 15B, 9031 Drongen (Gent)",,no,info@cookexperience.be,http://www.bp-catering.be
Sloten & sleutels,http://slotenexpert.be,0475 82 70 76,Slotenexpert,0475 82 70 76,"Plezantstraat 317, 9100 Sint-Niklaas",info@slotenexpert.be,no,info@slotenexpert.be,http://slotenexpert.be
Glazenwasserijen,,,'t Ruitenwasserken,0498 14 45 22,"Ter Duystlaan 18, 9400 Ninove",,no,,
Bedrijfsbeheer & -organisatie - Adviesbureaus,http://www.field-fashion.be,,Exterma Interim & Project Management,,"Thonissenlaan 18/B, 3500 Hasselt",,no,,
"Machines, toestellen & werktuigen (Particulier gebruik) - Verkoop & verhuur",http://www.illico-location.be,,Illico Location Outillage,087 56 17 69,"Rue Vovegnez 55, 4860 Wegnez (Pepinster)",,no,info@orhco.be,
Allerlei,,,Syx Bjorn,,"Ouderdomseweg 26/bus A, 8970 Poperinge",,no,,
Kinesitherapeuten,http://www.move4healthherentalstom.be,,Beuls Tonia,014 22 29 03,"Kastanjelaan 2/1, 2200 Herentals",,no,,
Kinesitherapeuten,,,Comel Angela,085 25 48 23,"THIER DETRU 20, 4500 HUY",,no,,
Bedrijfsbeheer & -organisatie - Adviesbureaus,http://www.alten.be,,Degryse,02 380 34 49,"Delleurlaan 18, 1170 Watermaal-Bosvoorde",,no,,http://www.gza.be
Landbouwwerken,http://www.gevanv.be,,Agache J-M,,"Schampbergstraat 22 5, 3511 Kuringen (Hasselt)",,no,,
Supermarkten & warenhuizen,http://www.sparsupermarkets.be,,Spar,09 220 50 48,"Zwijnaardsesteenweg 752, 9000 Gent",,no,,
Allerlei,http://sophiethijs.be,,Raisins de Baelegem,,"Walzegem 34, 9860 Balegem (Oosterzele)",,no,,http://koffieentheeor.be
Feestbenodigdheden - Verhuur,http://www.springboerke.be,,Springboerke,0496 69 37 94,"Lammerdries-Winkelstraat 21, 2250 Olen",,no,info@springboerke.be,https://www.feestverhuurvanrompaey.be
Boekhouders & fiscalisten,http://www.ciro.be,,C.I.R.O.,09 355 76 37,"Beukendreef 15, 9080 Lochristi",,no,info@ciro.be,http://www.boekhouder.gent
Schoonheidsinstituten,http://audeladesyeux.be,,Au-Dela des Yeux,019 51 26 71,"Rue de Landen 139, 4280 Avernas-Le-Bauduin (Hannut)",,no,marinetteb@audeladesyeux.be,
Bedrijfsbeheer & -organisatie - Adviesbureaus,http://atsap.be,,Toccaro,0486 43 93 93,"Sportstraat 45, 8552 Moen (Zwevegem)",,no,,http://www.latelier23.be
Tandartsen,http://www.praktijkicarus.be,,Wollaert Tony,,"Houthulststraat 183, 2170 Merksem (Antwerpen)",,no,,
Aannemers - Verbouwingswerken,http://www.felice-pierrot.be,,Felice P,04 377 50 07,"Rue Charles Hansez 2B, 4630 Micheroux (Soumagne)",,no,info@felice-pierrot.be,http://www.vandeweyerrenov-hasselt.be
Schilderwerken - Aannemers,http://www.schilderwerkenromano.be,,Schilderwerken Romano,0496 50 92 19,"Staatsbaan 4/Bus 0001, 3620 Neerharen (Lanaken)",,no,nagyromano@hotmail.com,https://www.algemeneklussenthijs.be
Kapsalons - Dames,,,Mossiat J-M,051 56 78 82,"Stadenstraat 50, 8610 Zarren (Kortemark)",,no,,
Psychotherapeuten & psychoanalytici,,,Belien Carine,011 25 18 29,"Boomgaardstraat 10, 3550 Zolder (Heusden-Zolder)",,no,,
Dienstencheques (Dienstverlening via),http://www.infinity-services-huishoudhulp.be,,Association culturelle marocaine de Tubize,02 366 12 25,"Rue des Freres Lefort 24, 1480 Tubize",,no,,
Allerlei,,,Promo Immo Invest,,"Vise-Voie 81/1, 4000 Liege (Luik)",,no,,
Kinderfeestjes,http://users.skynet.be/frengis.magic,,Gino Frengi,0477 29 80 69,"Rijvisschestraat 46, 9052 Zwijnaarde (Gent)",,no,ballonnenclown.nono@skynet.be,http://www.laurelandhardy.be
Verpleegkundigen - Particulier,http://chrisjevanbremptverpleegkundige.be,,Van Waeyenberghe P,053 62 89 39,"Kerkstraat 1, 9521 Letterhoutem (Sint-Lievens-Houtem)",,no,,http://www.kringverpleging.be
Immobilien - Binnenland,http://www.bcz.be,,Ter Beemd,,"Beemdstraat 2, 1601 Ruisbroek (Sint-Pieters-Leeuw)",,no,,http://www.noa-re.be
Bandagisten,,,Croix Rouge de Blegny,04 362 34 99,"Espace Simone Veil 9, 4670 Blegny",,no,mcr.bfv@croix-rouge.be,
Taxi's,,,MAGRI MOHAMED,,"Rue Saint-Donat 15, 5002 Saint-Servais (Namen)",,no,,
"Beurzen, salons, tentoonstellingen",http://www.saloneducation.be,,Education (Salon),02 423 28 80,"Emile Bockstaellaan 191, 1020 Laken (Brussel)",,no,info@saloneducation.be,
Lingerie & ondergoed - Kleinh.,,,Red-Hot,,"Langemunt 18, 9000 Gent",,no,,
Coaching,,,Lehouck Stefanie,0474 80 88 81,"Zwaluwstraat 27, 8650 Houthulst",,no,stefaniedavy123@hotmail.com,
Tandartsen,http://www.dentistbrussels.be,0474 85 61 52,Baltcheva Elena,02 772 15 96,"Sperwerlaan 296, 1150 Sint-Pieters-Woluwe",,no,info@baljident.be,
Schrijn- & timmerwerken - Aannemers,http://www.schrijnwerkenslembrouck.com,,Deryckere Borry,051 24 34 44,"Zwaaikomstraat 66, 8800 Roeselare",,no,,http://www.timmerenschrijnwerken-jovano.be
Bemiddelaars,,,Distri - Bike,067 84 23 86,"Chemin de la Guelenne 70, 7060 Soignies (Zinnik)",,no,,
Autocarondernemingen,http://www.simatours.be,,Hippo-Taxi,0477 29 58 36,"Groenstraat 2, 8730 Oedelem (Beernem)",,yes,,http://www.flamingo-busvakanties.be
Aannemers - Woningbouw,http://www.algemeneschrijnwerkenverstraeten.be,,Verstraeten Jean-Pierre,0476 47 29 94,"Dries 19, 9340 Oordegem (Lede)",,yes,jeanpierre.verstraeten@gmail.com,http://www.braekman.be
Supermarkten & warenhuizen,http://express.carrefour.eu,0494 19 65 19,Carrefour Express,0494 19 65 19,"Overpoortstraat 2, 9000 Gent",,yes,,http://express.carrefour.eu
Tankstations,,,Station De Plancenoit,,"Chaussee de Charleroi 17, 1380 Plancenoit (Lasne)",,yes,,
Schilderwerken - Aannemers,http://www.schilderaarschot.be,,Johan Reviers,013 31 17 46,"Steenberg 29, 3460 Bekkevoort",,yes,,http://www.schilderwerkenverhulpen.be
Psychologen,,,Yessin Baelus,0471 45 82 11,"Acacialaan 24, 2200 Herentals",,yes,info@hetschiereiland.be,
Schoonheidsinstituten,,,Tout Simplement Belle,010 62 01 31,"Sint-Amandsstraat 24, 1853 Strombeek-Bever (Grimbergen)",,yes,,
Allerlei,http://www.seuropak.com,,Zakenkantoor Derumeaux,,"Papestraat 4, 8560 Wevelgem",,yes,,
Groenten & fruit - Grooth.,http://www.fruitatwork.eu,,Fruitatwork,011 82 58 44,"Raafstraat 44, 3520 Zonhoven",,yes,info@fruitatwork.eu,http://www.vitamientje.be
Allerlei,http://www.vvkp.be/psycholoog/14109,,A & O 2000,03 288 53 94,"Wittestraat 88, 2020 Antwerpen",,yes,,http://www.favette.be
Voedingsmiddelen - Kleinh.,,,Supermarche De Roselies,071 16 94 73,"Rue Francois Dimanche 38/CCOM, 6250 Roselies (Aiseau-Presles)",,yes,,
Carrosserieherstellingen - Auto's,http://www.carglass.be,056 43 97 11,Carglass Carrosserie,056 43 97 11,"Tramstraat 5, 8560 Wevelgem",care.kortrijk@care-carrosserie.be,yes,care.kortrijk@care-carrosserie.be,http://www.carglass.be
Geschenken - Kleinh.,,,Regalo,0473 60 01 88,"Noordstraat 5, 8630 Veurne",,yes,,
Vleeswaren - Fabr. & Grooth.,http://www.schepersnv.com,,DMDS blancs moussis-van de beeck,087 39 43 50,"Rue de Battice 22 B, 4800 Petit-Rechain (Verviers)",,yes,,http://www.vleeswarencoenen.be
Spoorwegwerken,http://www.strukton.com,,Copass,,"Rue de la Croix du Maieur 7, 7110 Strepy-Bracquegnies (La Louviere)",,yes,,http://www.degreef-spoorkranen.be
Allerlei,,,Verschraegen Alexander,,"Stoffezandstraat 26, 2990 Loenhout (Wuustwezel)",,yes,,
Wijnen & sterke dranken - Fabr. & Grooth.,http://www.wijnentienen.be,,Distillerie - Liquoristerie Namur,0474 25 03 44,"Rue Raymond Noel 100/1, 5170 Bois-de-Villers (Profondeville)",,yes,info@apero-bar.com,http://www.remy-cointreau.com
Vervoer - Algemeen,http://www.gejotrans.be,,Gejotrans,,"Leon Bekaertlaan 34, 9880 Aalter",,yes,gejo@gejotrans.be,http://bocotranstielt.be
Allerlei,http://www.kinekessel-lo.be,,Codorniu,,"Diestsepoort 1, 3000 Leuven",,yes,,http://www.groepspraktijkdering.be
Kapsalons - Dames,,,Het Kapsalon,02 310 04 43,"Postweg 148, 1602 Vlezenbeek (Sint-Pieters-Leeuw)",,yes,,
"Beroepsverenigingen, vakbonden & federaties",http://www.cepg.be,,CEPG,09 265 75 35,"Dok-Noord 2, 9000 Gent",,no,sec@cepg.be,https://acv-oost-vlaanderen.acv-online.be/acv-online/contact.html
"Dieet-, natuur- & biologische voeding - Fabr. & Grooth.",http://www.herbalichri.be,,Vander Elst,,"Blockmansstraat 29, 3070 Kortenberg",,no,lindavde@msn.com,http://www.groenewinkel.be
Drukkerijen - Algemeen,http://www.drukkerij-durnam.be,,Fotogravure-Drukkerij Godefroit,03 248 28 85,"Bouwmeestersstraat 9, 2000 Antwerpen",,no,fotogravure.godefroit@telenet.be,http://www.drukphenix.be
Brood- & banketbakkerijen,,,Senova,089 62 27 06,"Sledderlo 40, 3600 Genk",,no,,
Drukkerijen - Algemeen,http://www.vandenbroele.be,,Vanden Broele Grafische Groep,050 45 61 77,"Lieven Bauwensstraat 33, 8200 Sint-Andries (Brugge)",,no,info@vandenbroele.be,http://www.de-schacht.be
Doe-het-zelf - Artikelen & materialen,,,Brico,014 26 47 71,"Veldstraat 9, 2260 Westerlo",,no,,
Vakantieboerderijen & gastenkamers,,,L'Horizon,080 33 93 44,"Route du Monument 8, 4960 Beverce (Malmedy)",,no,,
Recreatieparken,http://www.despeelbol.be,,De Speelbol,0468 16 94 50,"Sweynbeerstraat 11, 1982 Elewijt (Zemst)",,no,,
Allerlei,http://www.jessazh.be,,Multycars,011 69 47 43,"Weyerstraat 277, 3850 Kozen (Nieuwerkerken)",,no,,http://www.floraduchateau-bloemen.be
Boekhouders & fiscalisten,,,Bureau Compable et Fiscal Christian Haot,086 38 91 41,"Rue de la Station 8, 4180 Hamoir",,no,multiservice@online.be,
Kinesitherapeuten,,,Coomans Francois,013 44 18 59,"Zittaardstraat 14, 3545 Halen",,no,francois.coomans@telenet.be,
Allerlei,http://www.carone-express.be,,Vzw Grijsgroenblauw,09 373 71 66,"Plein 115, 9970 Kaprijke",,no,,
Galerieen,http://eugene-verdyen.be,,Vrienden van Eugene VERDYEN,03 227 11 77,"Otto Veniusstraat 27, 2000 Antwerpen",,no,saul.vdv@skynet.be,
Sociale wetgeving - Adviesbureaus,http://www.formalis.be,,Formalis,064 22 10 15,"Boulevard du Tivoli 98-1, 7100 La Louviere",,no,lalouviere@formalis.be,
Putboringen,http://idesdewulf.be,,Verhofste,09 355 55 57,"Lindestraat 18, 9042 Desteldonk (Gent)",,no,,http://Aawadobbelaerewaterpompen.be
"Dag-, weekbladen & tijdschriften - Verdelers",,,Thibaut Laurent,065 78 29 18,"Rue des Allies 43, 7080 Frameries",,no,,
Kinesitherapeuten,http://www.therapeutischkaderzonhoven.be,,Therapeutisch Kader Zonhoven,0486 23 46 75,"Rode Kruisweg 9, 3520 Zonhoven",,no,info@therapeutischkaderzonhoven.be,http://www.praktizon.be
Allerlei,,,Zandona Nicola,0473 53 17 00,"Avenue des Vieux Murs 2/B000, 5000 Namur (Namen)",,no,nicolazndn@gmail.com,
Vechtsporten & toebehoren,http://www.judobrecht.be,,Judoclub HIRANO,03 605 93 09,"Houtstraat 4/c, 2960 Sint-Lenaarts (Brecht)",,no,,
Bloemen & planten - Kleinh.,,,Esprit Vert,087 64 66 63,"Place du Perron 7, 4910 Theux",,no,,
Fotografie (Reclame-),http://www.marcwouters.be,,De Win Tom,0468 13 36 85,"Langepad 30, 2250 Olen",,no,dewintom@icloud.com,http://www.primagexp.eu
Hotels,http://www.firsteuroflathotel.be,,Euro-Tomberg Apparthotel,02 732 00 00,"Werkzaamheidstraat 25, 1200 Sint-Lambrechts-Woluwe",,no,info@homeinbrussels.be,http://www.royalcentre.be
CD's & DVD's - Kleinh.,http://nextar.be,,NEXTAR,03 292 88 22,"Antwerpsesteenweg 124/9, 2630 Aartselaar",,no,bookings@nextar.be,
Osteopaten,http://www.vermont.be,,Malarme L,0475 76 26 23,"Rue Fernand Stimart 20, 5020 Vedrin (Namen)",,no,,
Brocanteurs & opruimers van inboedels,http://www.codiline.be,,Addou Driss,0486 26 63 04,"De Bruynlaan 28/303, 2610 Wilrijk (Antwerpen)",,no,,http://dngservices.be
Allerlei,http://www.vancutsem.be,,Moriau Dirk,02 569 60 01,"Potaardestraat 5, 1703 Schepdaal (Dilbeek)",,no,,http://www.deladrieretranslation.be
Kinesitherapeuten,,,Noiret Myriam,071 31 56 16,"Grand'Rue 12, 6061 Montignies-sur-Sambre (Charleroi)",,no,,
Kinesitherapeuten,,,Fontaine Maxime,04 355 14 37,"Rue de Retinne 23, 4620 Fleron",,no,,
Allerlei,http://www.seuropak.com,,MF2P Holding,02 550 37 52,"Schermutselingstraat 1, 7700 Moeskroen",,no,,
Allerlei,http://www.favette.be,,Basszooka Events,,"Speelhofdreef 21, 2970 Schilde",,no,,http://www.vvkp.be/psycholoog/14109
Slagers,,,Kwaliteitsslagerij Andries en Ruth,053 62 27 10,"Aaigemdorp 47, 9420 Aaigem (Erpe-Mere)",,no,slagerij.andriesenruth@skynet.be,
Artsen,http://specialistenpraktijkedegem.be/Stefan/Raadplegingen.html,,Janssen Karen,0485 94 12 01,"Justus Lipsiusstraat 35, 2650 Edegem",,no,,http://www.praktijkrondpunt.be
Begrafenisondernemingen,http://www.vanhovebegrafenissen.be,,Begrafenissen Van Hove,014 54 44 76,"Grote Markt 41-42 A, 2260 Westerlo",,no,info@vanhovebegrafenissen.be,http://www.begrafenissendirkvanbaelen.be
Babyartikelen - Kleinh.,,,Sweet Baby's be,0468 15 11 29,"Drijfstraat 8/3, 3600 Genk",,no,jacqueline_keur@hotmail.com,
Verhuring - Vrachtwagens & bestelwagens,http://www.valko.be,,TVH,,"Nieuwe Bevelsesteenweg 8, 2560 Kessel (Nijlen)",,no,,
Cafes,,,"Lennart De Moor, Dhr.",0498 82 58 76,"Elenestraat 43, 9620 Strijpen (Zottegem)",,no,lennart.demoor@gmail.com,
Vormgeving (Industriele),http://www.enterbunker.com,,Bunker,050 45 08 04,"Pathoekeweg 134, 8000 Brugge",,no,info@enterbunker.com,http://www.actdesign-pdd.be
Auto's - Onderdelen & Toebeh. - Kleinh.,http://www.star-autoparts.be,,"EL BOUJADDAINI, ABDELMOTALIB",,"Hollebeekstraat 37, 2660 Hoboken (Antwerpen)",,no,,http://www.autovak.be
Vervoer - Expresvrachtvervoer,http://www.carone-express.be,,Transports Nachtergaele,069 77 58 07,"Rue Provinciale 228, 7760 Escanaffles (Celles)",,no,,http://www.carone-express.be
Schoonheidsinstituten,,,Deweerdt Erica,,"Rue de la Croisette 10, 5651 Somzee (Walcourt)",,no,,
ICT - Consultants (Adviesbureaus),http://www.d4d.be,,D4,0473 28 25 81,"Peerderbaan 110, 3990 Wijchmaal (Peer)",,no,david@d4d.be,http://www.bitestrike.be
Dakwerken,,,UNI FACADE,071 39 34 05,"Rue Sainte-Anne 69, 6200 Chatelineau (Chatelet)",,no,,
Aannemers - Woningbouw,,,Wep Home,082 64 67 66,"R DU FOND 16, 5537 ANHEE",,no,,
Immobilien - Binnenland,http://www.kantoorvermeyen.be,,Kantoor Vermeyen,050 79 05 88,"Bloemendalestraat 42, 8730 Beernem",,no,kantoor.vermeyen@skynet.be,http://www.guidogeernaert.be
Allerlei,http://www.figrz.be,,Vertouver,059 51 44 28,"Lijsterstraat 15, 8400 Stene (Oostende)",,no,,
Cafes,,,V.K. Eizer,02 687 26 46,"Heuvelstraat 77, 3090 Overijse",,no,,
Marketing - Adviesbureaus,http://www.visiyou.com,,MPW Communications,02 768 07 94,"Oppemstraat 53, 3080 Tervuren",,no,mp_w@hotmail.com,http://fcrmedia.be/
Glazenmakers,http://www.rudisglaswerken.com,,Rudi's Glaswerken,03 777 67 29,"Knaptandstraat 6, 9100 Sint-Niklaas",,no,,http://www.vangeystelen.be
Allerlei,http://www.degoudenschaar.eu,,HUSAIN,02 610 67 41,"Windberg 259, 1780 Wemmel",,no,,http://www.vancutsem.be
Allerlei,http://www.vancutsem.be,,Trykozko Kazimierz,,"Bergensesteenweg 633, 1502 Lembeek (Halle)",,no,,http://www.deladrieretranslation.be
Controleorganismen,http://www.be.sgs.com,,SGS Statutory Services vzw/asbl,011 80 61 76,"Grote Baan 76-1, 3530 Houthalen (Houthalen-Helchteren)",,no,ferdinand.dabu@sgs.com,http://www.ivt.be
Waterdichtingsproducten,http://www.chemie-en-bouw.be,,H2O,0479 70 02 47,"STATIESTRAAT 48, 1740 TERNAT",,no,,http://www.renofort.be
Advocaten,http://www.sterckxadvocaten.be,,Van Belleghem Filip,051 30 66 20,"Ommegangstraat 8, 8870 Izegem",,no,filipvanbelleghem@gmail.com,http://www.lauwersadvocaten.be
Traiteurs,http://www.lamiegourmande.be,,La Mie Gourmande,0472 74 90 09,"Rue Rene Lefebvre 28, 7522 Lamain (Doornik)",,no,,
Sportartikelen - Kleinh.,,,Planet Foot,010 86 04 45,"Rue des Anges 22, 1320 Beauvechain",,no,,
Liefdadigheidsinstellingen,,,Leucemie Noah Stop,0478 62 40 28,"RUE D' HOYAUX 5, 7602 BURY",,no,,
Allerlei,http://koffieentheeor.be,,Immo Droba,,"Mallaardstraat 35, 9400 Ninove",,no,,http://sophiethijs.be
Architecten,http://www.b2ai.com,,N.A.P.,02 269 76 03,"Paul Emile Jansonstraat 3, 1000 Brussel",,no,,http://www.vincxarchitects.be
Optiek - Kleinh.,,,Occhi,016 56 89 83,"Martelarenstraat 28, 3200 Aarschot",,no,,
Aannemers - Woningbouw,http://www.foxinvest.be,,Fox Invest,053 84 95 19,"Industrielaan 4/bus 8, 9320 Erembodegem (Aalst)",,no,,http://www.bdconstructions.be
Landbouwwerken,http://www.deruyttere-loonbedrijf.be,,Monballiu K,051 50 01 41,"Werkenstraat 39, 8600 Vladslo (Diksmuide)",,yes,,http://www.loonwerksoete-feys.be
Allerlei,http://www.allenovery.com/pages/default.aspx,,Leanwise,02 307 09 10,"Leon Fredericstraat 42, 1030 Schaarbeek",,yes,,http://www.deladrieretranslation.be
Allerlei,http://www.floraduchateau-bloemen.be,,Libens Annick,011 88 55 07,"Steenweg 8, 3890 Gingelom",,yes,,http://www.jessazh.be
Allerlei,,,Gilles A. et P.,080 33 99 50,"Avenue Constant Grandprez 27, 4970 Stavelot",,yes,,
Bedrijfsrevisoren,http://www.vanherckbedrijfsrevisoren.be,,Van Herck T,03 355 20 00,"Herentalsebaan 645, 2160 Wommelgem",,yes,vanherck.t.rev@scarlet.be,http://www.bbdh.be
Advocaten,http://www.dyck.be,,Deridder Jim,03 242 05 40,"Mechelsesteenweg 210A, 2018 Antwerpen",,yes,j.deridder@dyck.be,http://handelshuur-advocaat-hendrickx.be
Allerlei,http://kinesiologiekinesistvanbelle.be,,Tropical Jazz Cafe Club,,"Rue de Wavre 22, 1325 Chaumont-Gistoux",,yes,,
Expeditiebedrijven,http://www.intertrans.nl,,Intertrans,03 201 98 10,"Belcrownlaan 25, 2100 Deurne (Antwerpen)",,yes,intertrans@intertrans.nl,http://www.chrobinson.com
Evenementen (Organisatie van),http://www.verhulst.be,,MICHIELS PATRICK HENDRIK,010 68 17 59,"Rue Cyrille Bauwens 20, 1390 Bossut-Gottechain (Grez-Doiceau)",,yes,,http://www.stienon.be
Sociale wetgeving - Adviesbureaus,http://easypay-group.com,03 369 17 80,EASYPAY GROUP (Tijdsregistraties),03 369 17 80,"Uitbreidingstraat 60, 2600 Berchem (Antwerpen)",info@easypay-group.com,yes,info@easypay-group.com,http://easypay-group.com
Marketing - Adviesbureaus,http://www.optepub.com,,Optepub,0479 70 21 44,"Rue de la Terre a Briques 29A, 7522 Blandain (Doornik)",,yes,info@optepub.com,http://www.visiyou.com
Carrosserieherstellingen - Auto's,http://www.wonitrol.be,,Wonitrol,052 30 06 32,"Weversstraat 16, 1840 Londerzeel",,yes,londerzeel@wonitrol.be,http://www.spinnoy.be
Immobilien - Binnenland,http://www.bcz.be,,IMMO CEDAN,02 384 14 57,"Rue Michel Botte 87, 1421 Ophain-Bois-Seigneur-Isaac (Braine-l'Alleud)",,yes,,
Allerlei,http://www.kinekessel-lo.be,,"Dr. Bart van Poppel, Orthop.&Traum.",,"Jachthuislaan 16, 3210 Linden (Lubbeek)",,yes,,http://www.yannickvanvlasselaer.be
Drukkerijen - Offset,http://www.drukkerijverbaere.be,,Vandersteen B,02 356 73 63,"Jerome Ameysstraat 9, 1600 Sint-Pieters-Leeuw",,yes,,http://www.printovit.be
Slagers,,,Duveillez V,067 44 27 26,"Rue de Belle Tete 34, 7190 Ecaussinnes-d'Enghien (Ecaussinnes)",,yes,vaf-duveillez@hotmail.be,
Hout - Kleinh.,http://www.sapin.be,,Sapin,086 43 02 60,"Rue du Rixhon 38, 4920 Harze (Aywaille)",,yes,,
Bemiddelaars,,,L&S Advice,056 44 93 17,"Waalshoekstraat 21, 8792 Desselgem (Waregem)",,yes,,
Tuinaanleg & -onderhoud,http://www.tuinonderhoudAntwerpen-KennyFruytier.be,,Fruytier Kenny,0494 37 65 66,"Vaartstraat 29, 2830 Willebroek",,yes,kennyfruytier@live.be,http://www.bvvalgemenetuinwerken.be
Logopedisten,http://www.logopediedewulf.be,,Logopediepraktijk Veerle De Wulf & Team,0476 32 82 06,"Antoon Catriestraat 143, 9031 Drongen (Gent)",,yes,veerle@logopedistedrongen.be,
Allerlei,,,Les roues libres,,"Rue du Lac 34, 6461 Virelles (Chimay)",,no,,
Feesten - Aannemers,http://www.danyaccordeon.be,,Dany Accordeon,0471 87 00 15,"Rue Joseph Gos S/N, 1420 Braine-l'Alleud",,no,,http://www.waerboom.com
Artsen,http://www.huisartsenpraktijkdeordepoort.be,,Huisartsenpraktijk De Rode Poort,050 38 29 81,"Rijselstraat 181, 8200 Sint-Michiels (Brugge)",,no,huisartsenderodepoort@gmail.com,http://www.oogarts-brugge.be
Stoffeerders,http://www.stoffeerderijlemmens.net,,Stoffeerderij Lemmens-Steyvers,089 86 15 39,"Klein Rootstraat 4, 3680 Neeroeteren (Maaseik)",,no,,http://www.arc-leather.be
Secretariaatsdiensten voor bedrijven,http://www.secro.be,,Fedrus Invest Groep,03 500 40 30,"Schoonmansveld 48, 2870 Ruisbroek (Puurs)",,no,,http://www.ludique.be
Bemiddelaars,http://www.lievepepermans.be,,J&M Temse,03 771 11 71,"Scheldestraat 65, 9140 Temse",,no,,http://www.frederikedegeest.be
Allerlei,http://www.favette.be,,Van Cauteren Sofie,,"Grote Hondstraat 35, 2018 Antwerpen",,no,,http://www.vvkp.be/psycholoog/14109
Allerlei,http://www.vancutsem.be,,Bumpfun,,"Kerkstraat 107, 1653 Dworp (Beersel)",,no,,http://www.deladrieretranslation.be
Isolatiewerken (Thermische & akoestische),http://www.vertessen.be,,Siem Aerts,0476 83 39 71,"Tiensesteenweg 32, 3390 Sint-Joris-Winge (Tielt-Winge)",,no,siemaerts@hotmail.com,http://www.therenovator.be
Souvenirs,,,Secret De Beaute,,"Rue de France 18, 5540 Hermeton-sur-Meuse (Hastiere)",,no,,
Restaurants,http://www.quick.be,081 21 67 58,Quick,081 21 67 58,"Chaussee de Louvain 566, 5020 Namen",info@quick.be,no,info@quick.be,http://www.quick.be
Fotografen,,,CTM,0485 84 80 82,"Belgielei 7, 2018 Antwerpen",,no,ctmphotoshop@telenet.be,
Parkings & opritten (Aanleg van),http://verbouwingenmarmitte.be,,Vanhoutte Jens,02 460 25 47,"Sint-Goriksstraat 22, 1730 Kobbegem (Asse)",,no,jens_vanhoutte25@hotmail.com,http://www.allgreen.be
Allerlei,http://brandstoffen-sap-roger-en-kris.be,,Verstraete Monica,050 68 73 34,"Torhoutsesteenweg 397, 8210 Veldegem (Zedelgem)",,no,monica_verstraete@hotmail.com,http://www.degrooterammant.be
Lingerie & ondergoed - Kleinh.,http://www.lingerie-topform.be,,Topform,09 226 38 90,"Frans van Ryhovelaan 218, 9000 Gent",,no,moniqueblondia@hotmail.com,
Bloemen & planten - Kleinh.,http://www.bloemen-desomviele.be,,Amarant,09 357 42 23,"Eeksken 35, 9920 Lovendegem",,no,,
Artsen,,,Geens Kathleen,052 36 57 83,"Esp 106, 1745 Opwijk",,no,,
Allerlei,http://www.trustcore.eu,,TrustCore,,"Lusthoflaan 119, 9030 Mariakerke (Gent)",,no,evanzuuren@trustcore.eu,http://www.carone-express.be
Restaurants,http://www.shansui.be,,Le Shansui,04 252 88 21,"Boulevard Gustave-Kleyer 1A, 4000 Liege (Luik)",,no,,
Tuinaanleg & -onderhoud,http://www.tuinwerkendeconinck.be,,Tuinwerken De Coninck,0485 12 03 25,"Groenstraat 32, 2531 Vremde (Boechout)",,no,info@tuinwerkendeconinck.be,http://www.wwtuinen.be
Accountants,http://www.thesorafisc.be,,Thesorafisc,054 31 98 70,"Letterbeekstraat 18 B/5, 1755 Gooik",,no,,http://www.pdbconsult.be
Autocarondernemingen,http://www.newcarlocation.be,,New Car location,02 391 00 83,"Chaussee de la Genette 54/B, 1430 Rebecq-Rognon (Rebecq)",,no,sandra.jojo@hotmail.com,
Spaarbanken,,,Deryckere R,0479 24 28 67,"Ellestraat 116 F, 8550 Zwevegem",,no,,
Sociale & maatschappelijke instellingen,,,Nous Descendrons Sous Terre,071 39 19 78,"Rue Le Campinaire 77, 6240 Farciennes",,no,,
Allerlei,http://www.bcbrugge.be,,TS LNG Belgium,050 69 80 22,"Vissersstraat 1/302, 8380 Zeebrugge (Brugge)",,no,,
Kinesitherapeuten,http://kine-vankelegom.be,,Fransolet Monique,02 376 35 56,"Kersbeeklaan 330, 1180 Ukkel",,no,,http://www.qualitykine.be
Allerlei,http://www.bouwcenter-vanhulle.be,,Stageblind,,"Nieuwstraat 29, 9840 De Pinte",,no,,http://sophiethijs.be
Allerlei,http://www.favette.be,,Martens Mieke,,"De Renlaan 6, 2960 Sint-Job-in-'t-Goor (Brecht)",,no,,http://www.vvkp.be/psycholoog/14109
Landbouwwerken,http://www.landbouwwerkenlendelede.be,,Mouton Bert,051 63 33 06,"Kanegemstraat 3, 9800 Vinkt (Deinze)",,no,,
Elektriciens - Installateurs,http://www.dalco-electro.be,,Protel,02 722 13 93,"Leuvensesteenweg 540/3, 1930 Zaventem",,no,,
Energiedeskundigen,http://www.housecheck.be,,Groupe GMM Group. interet econom.,,"Rue de la Maitrise 3, 1400 Nivelles (Nijvel)",,no,,http://www.climatex.be
Financiele groepen,,,P.V.C.,014 37 86 99,"Meistraat 203, 2480 Dessel",,no,,
Allerlei,,,Esthetik 21,,"Avenue de Jemappes 171, 7000 Mons (Bergen)",,no,,
Snack-bars,,,As,02 306 50 98,"Humbeeksesteenweg 313, 1850 Grimbergen",,no,,
Traiteurs,http://www.kunstenkoken.be,,Kunst en Koken,0477 61 33 68,"Gansbroekstraat 44, 2870 Ruisbroek (Puurs)",,no,,http://www.traiteurvanhoeck.be
Fitness centra,http://www.jacksfitness.be,,Jack's Fitness,,"Buizerdstraat 21, 3910 Neerpelt",,no,,
Geluidsinstallaties - Verhuur,http://www.musicexplosion.be,,Vandevin Willy,016 77 70 06,"Steenbergestraat 5, 3384 Attenrode (Glabbeek)",,no,info@musicexplosion.be,http://www.empirelightsound.com
Computers & toebehoren,http://www.ahs-computers.be,,Ipsys Solutions,,"Rue des Chalets 5, 4030 Grivegnee (Luik)",,no,,
Dierenartsen,,,SIMONET CLAIRE EP VANDER GOTEN,085 51 27 48,"Rue du Bois Rosine 24, 4577 Stree-lez-Huy (Modave)",,no,,
Dierenpensions,http://kattenpensionprestige.be,,Kattenpension Prestige,016 47 70 95,"Leuvensestraat 11 A, 3051 Sint-Joris-Weert (Oud-Heverlee)",,no,info@prestige-kattenpension.be,
Begrafenisondernemingen,http://www.ceulemansbegrafenissen.be,03 324 14 53,PAELINCKX-CEULEMANS,03 324 14 53,"Ten Eekhovelei 204, 2100 Deurne (Antwerpen)",infoceulemans@skynet.be,no,infoceulemans@skynet.be,http://www.ceulemansbegrafenissen.be
Massage,http://www.salondumassage.be,,Salon du Massage,065 98 01 31,"Rue des Combattants 37, 7972 Ellignies-Sainte-Anne (Beloeil)",,no,,
Groenten & fruit - Kleinh.,,,Villers Frederique,,"Rue des Dames 15, 7080 Frameries",,no,,
"Auto's - Import, export & transit",,,NR Used Trucks,0475 72 16 02,"Autolei 207, 2160 Wommelgem",,no,nrusedtrucks@skynet.be,
Voedingsmiddelen - Kleinh.,,,Noor,,"Generaal Baron Jacquesstraat 19, 8600 Diksmuide",,no,,
Restaurants,,,ABDEL HAC MAY,,"Rue Joseph Gorin 16, 7540 Kain (Doornik)",,no,,
Kapsalons - Dames,,,'Pleine Lune',0489 57 05 52,"Huart Hamoirlaan 46, 1030 Schaarbeek",,no,pleine_lune_image@hotmail.com,
Artsen,,,Goossen Catherine,03 645 82 32,"Bredabaan 636, 2170 Merksem (Antwerpen)",,no,,
Gezondheidscentra & medische preventiediensten,http://www.arista.be,,AristA,063 22 53 63,"Rue de Sesselich 161, 6700 Arlon (Aarlen)",,no,arista@arista.be,
Syndicussen van gebouwen,http://www.hermania.be,,Genk Logistics,089 51 07 10,"Industrielaan 18, 3730 Hoeselt",,no,,http://www.rikmichel.be
Elektriciteit - Algemene ondernemingen,http://www.jmdelsaux.com,,Delsaux J.M.,060 51 12 36,"RUE LIEUTENANT MAURICE TASSE 49, 6141 FORCHIES-LA-MARCHE",,no,info@jmdelsaux.com,
Voedingsmiddelen - Kleinh.,,,Chez Rossi,02 647 94 27,"De Haernestraat 124, 1040 Etterbeek",,no,,
Osteopaten,http://www.osteoleuven.be,,GROEPSPRAKTIJK OSTEOPATHIE,016 20 88 35,"Tiensesteenweg 77, 3010 Kessel-Lo (Leuven)",,no,,
Sportclubs & sportcentra,,,Sports & Pleasure,,"Veldonkstraat 191, 3128 Baal (Tremelo)",,no,,
Landbouwwerken,,,Cerisier,065 56 84 34,"Rue des Trieux 26, 7040 Blaregnies (Quevy)",,no,,
Drukkerijen - Algemeen,http://www.dpz.be,,Weyens-Brems,013 55 14 91,"Markt 28, 3540 Herk-de-Stad",,no,weyens.brems@skynet.be,http://www.drukkerijtrudo.be
Optiek - Kleinh.,http://www.opticienminet.be,,Minet J-C,02 512 06 86,"GALERIE LOUISE 15-18, 1050 IXELLES",,no,minet@opticienminet.be,http://www.eggermontopticien.be
Restaurants,http://thebullresto.be,,Mass,03 430 29 90,"Doornstraat 203, 2610 Wilrijk (Antwerpen)",,no,info@thebullresto.be,http://www.steakhouse-depelgrim.be
Kunststeen,http://nardi-sprl.skyrock.com,,Nardi Sprl,0479 68 71 40,"Rue de Fleurus 96, 5030 Sauveniere (Gembloux)",,no,nardi-sprl@hotmail.com,http://www.bernardin.be
Kapsalons - Dames,http://www.facebook.com/EspaceManuCoiffure,,Espace Manu Coiffure,04 370 22 10,"Rue du Pont de Wandre 75, 4020 Wandre (Luik)",,no,espacemanucoiffure@gmail.com,
Snoeien & vellen van bomen,http://www.groenbedrijflimburg.be,,Ector Klaas,0496 80 93 51,"Fonteinstraat 15, 3560 Lummen",,no,,http://boomzorgloenders.be
"Horloges - Kleinh., Onderh. & Herst.",http://www.juweliervanrooy.be,,Saxon,0474 66 62 66,"WIJNEGEM SHOPPING CENTER 14, 2110 WIJNEGEM",,no,eddy.dc@telenet.be,
Garages,,,SF Car,,"Rue des Goutteaux 91-93, 6032 Mont-sur-Marchienne (Charleroi)",,no,,
Ramen,http://Www.garyboghe-ramenendeuren.be,,Morariu,0478 28 52 41,"Avenue du Centenaire 13, 1400 Nivelles (Nijvel)",,no,,
Advocaten,http://www.advocaatquirynen.be,,Baert & Van Reusel: BVR-advocaten,03 888 15 81,"Beukenlaan 120, 2850 Boom",,no,,http://www.advocatenkantoordierckx.be
Allerlei,,,Degallaix Donavan,,"J. Creytensstraat 10, 8730 Oedelem (Beernem)",,no,,
Onderwijs (Basis-),http://www.saoo.be,059 26 74 19,Sint-Andreas Instituut,059 50 89 70,"Steensedijk 151, 8400 Oostende",,no,info@saoo.be,
Vertalers,http://www.trustedtranslations.eu,,Trusted Translations Europe,,"Xavier Henrardlaan 12, 1150 Sint-Pieters-Woluwe",,no,,http://www.deladrieretranslation.be
Veiligheidscoordinatoren,http://www.paro-safety.com,,Paro Safety Consult,0484 50 62 92,"Dorre Eikstraat 1, 2550 Kontich",,no,,http://www.archimedesnv.com
Advocaten,http://www.hoganlovells.com,,Vanderveken S,02 524 15 01,"Francois Rigasquare 18, 1030 Schaarbeek",,no,sergevanderveken@skynet.be,
Textielproducten - Fabr. & Grooth.,https://www.cabinaffair.com,,Dumont Julie,0493 54 54 96,"Rue du Tchaurnia 11, 5560 Mesnil-Saint-Blaise (Houyet)",,no,ju.dumont@outlook.com,http://www.seyntex.com
Advocaten,http://www.velede.be,,Branders & Partners,014 58 99 71,"Bel 1, 2440 Geel",,no,,http://www.merrie.be
Secretariaatsdiensten voor bedrijven,http://www.secro.be,,Deldicque C,0499 16 24 69,"Rue de la Marche 2, 6141 Forchies-la-Marche (Fontaine-l'Eveque)",,no,deldicquececile@hotmail.com,http://www.ludique.be
Bedrijfsbeheer & -organisatie - Adviesbureaus,http://www.gza.be,,Skillmedia,03 296 19 31,"Koningin Astridlaan 9/1, 2070 Burcht (Zwijndrecht)",,no,,http://www.profondo.be
Immobilien - Binnenland,http://www.qualimmo.be,,K Vermeren,053 77 80 79,"Zonnestraat 41, 9300 Aalst",,no,,http://www.wsb-group.be
Dienstencheques (Dienstverlening via),http://www.familiezorg.be,,Mika,,"Kortrijksesteenweg 571, 9000 Gent",,no,,http://www.artega.be
Vakantieboerderijen & gastenkamers,http://www.casaterlinden.be,,Casa Terlinden,0477 37 74 43,"Bosstraat 90, 1150 Sint-Pieters-Woluwe",,no,info@casaterlinden.be,http://www.waerboom.com
Parkings & opritten (Aanleg van),http://www.tuinenhuyghe.be,,Roelandt Steven,0475 69 71 27,"Oude Kortrijkstraat 87, 8980 Geluveld (Zonnebeke)",,no,,http://www.degro.be
Groenten & fruit - Teelt,http://www.versvanhetveld.com,,MICHIELS XAVIER,,"Rue des Champs 48, 4287 Racour (Lincent)",,no,,
Restaurants,http://www.bamboo-inn.be,,Tro,,"Lakenmakersstraat 60, 2800 Mechelen",,no,,http://www.ninos.be
Allerlei,http://www.favette.be,,Apollo Trading,,"Hoveniersstraat 53/123, 2018 Antwerpen",,no,,http://www.vvkp.be/psycholoog/14109
Stoffeerders,,,Histoires Anciennes,069 23 46 62,"Rue des Mottes 24, 7503 Froyennes (Doornik)",,no,claudinerasson@hotmail.be,
Diepvriesproducten - Fabr. & grooth.,http://www.vanhouthoreca.be,,NATUR FLEISCHEREI PETERS,080 64 38 57,"MALMEDYER STRAoE 22, 4780 SAINT-VITH",,no,,http://www.vandaelhoreca.be
Allerlei,http://brandstoffen-sap-roger-en-kris.be,,Desimpel Bernard,,"Engelstraat 42, 8480 Ichtegem",,no,,http://www.degrooterammant.be
Kinesitherapeuten,,,Begon Isabelle,071 63 35 94,"Boulevard Emile Devreux 11/21, 6000 Charleroi",,no,isabelle.begon@gmail.com,
Architecten,http://www.t28architects.be,,Lescon,,"Houtmarkt 21, 3800 Sint-Truiden",,no,,http://www.wardcrabbe.be
Cafes,http://www.brouwershuys.com,,Brouwershuys,051 50 50 30,"Grote Markt 19, 8600 Diksmuide",,no,info@brouwershuys.com,
Allerlei,http://www.kinekessel-lo.be,,Van Dun Marc,,"Vuntlaan 6, 3012 Wilsele (Leuven)",,no,,http://davy-dvs.be
Aannemers - Woningbouw,http://woningbouwfeys.be,,JONCKHEERE PIETER ERIC,050 31 70 74,"GISTELSTEENWEG 340, 8490 JABBEKE",,no,,http://www.van-huele.be
Glazenmakers,,,"Ibrahim Toktas, M.",0470 10 20 93,"Le Serpont 5 1, 6800 Recogne",,no,,
ICT - Consultants (Adviesbureaus),,0477 77 99 06,TALENTMIND,052 21 90 78,"Schuttershof 43, 9140 Elversele (Temse)",,no,,
Sportartikelen - Fabr. & Grooth.,http://www.trampoline-expert.com,,Trampoline Expert,087 66 16 46,"Rue des Gaillettes 11, 4651 Battice (Herve)",,no,info@trampoline-expert.com,http://www.ksportsupply.be
Bedrijfsbeheer & -organisatie - Adviesbureaus,http://www.field-fashion.be,,Peels Management Consultancy,03 311 66 20,"Schaggeleweg 40, 2390 Westmalle (Malle)",,no,,
Drukkerijen (Zeef-),http://www.himreyscreen.be,,RogaScreen,,"Watergang 49, 8380 Dudzele (Brugge)",,no,,http://www.paulveys.be
Meubelen - Algemeen,http://www.meubelsdhondt.be,,Milleville Kevin,,"Populierendreef 3, 8210 Zedelgem",,no,,http://www.meubelen-degraeve.be
Meubelen - Algemeen,http://www.meubles-haan.be,,Meubles Haan,061 21 17 55,"Bourcy 76, 6600 Longvilly (Bastenaken)",,no,info@meubles-haan.be,
Sportclubs & sportcentra,,,Simply TR3'S,,"Rue du Mont 79, 1360 Perwez",,no,simplytr3s@hotmail.com,
Vloerenleggers & mozaiekbewerkers,http://verbouwingenmarmitte.be,,Belgrado,0486 56 20 61,"Oppemkerkstraat 9 A, 1860 Meise",,no,belgradoj@gmail.com,
Immobilien - Binnenland,http://www.immo-advice.be,,OCEAN CONSULTING,,"Spaanse Lindebaan 63, 1850 Grimbergen",,no,,http://www.immomolineaux.be
Frituren,,,Friterie chez Tonton,0473 36 83 81,"Place Alphonse Favresse 52, 1310 La Hulpe",,no,,
Computers & toebehoren,,,DELCOURT DAVID ROBERT,068 45 67 97,"Rue Beausoir 12, 7911 Oeudeghien (Frasnes-lez-Anvaing)",,no,,
Communicatie - Adviesbureaus,http://www.acmeurope.com,,EUREBUS,014 58 99 45,"Pas 166, 2440 Geel",,no,,http://www.act-desiron.be
Speelgoed - Kleinh.,http://www.miniaturesmodelesreduitsliege.be,,Hobby 2000,04 341 29 87,"Avenue Francois Cornesse 30, 4920 Aywaille",,no,,
Onderwijs (Secundair),,,Ecole Polytechnique de Huy,085 27 37 00,"Rue Saint-Pierre 48, 4500 Huy (Hoei)",,no,,
Allerlei,,,Manoir De Saint Gerard,071 10 01 10,"Rue Stampia 16, 5640 Saint-Gerard (Mettet)",,no,,
Allerlei,,,Fa,,"Rue du Pont 9, 4101 Jemeppe-sur-Meuse (Seraing)",,no,,
Allerlei,http://www.allenovery.com/pages/default.aspx,,NGVA EUROPE,,"Kortenberglaan 172, 1000 Brussel",,no,,http://www.deladrieretranslation.be
Centrale verwarming (Installatie van),http://www.stylbad.be,,Stylbad,0499 89 77 69,"STATIESTRAAT 7/3, 1740 TERNAT",,no,stylbad2015@gmail.com,http://willy-mackens.be
Allerlei,http://www.floraduchateau-bloemen.be,,Mommaerts Leticia,0488 90 62 98,"Kloosterstraat 29, 3300 Oplinter (Tienen)",,no,,
Alternatieve behandelingswijzen & therapieen,http://www.pierresetelixirs.com,,Grynberg Laurence,0486 27 70 25,"Vleurgatsesteenweg 107, 1000 Brussel",,no,,
Kapsalons - Dames,,,France A-P,084 31 29 68,"Grand Route 32, 6990 Marenne (Hotton)",,no,,
Verpleegkundigen - Particulier,http://www.dezorgvriend.be,,De Zorgvriend,0487 28 02 60,"Zandbergen 18, 2960 Sint-Job-in-'t-Goor (Brecht)",,no,dezorgvriend@hotmail.com,http://www.thuisverpleging-ata.be
Apothekers,,,Pharmacies du Peuple,04 263 48 29,"Rue Walthere Jamar 359, 4430 Ans",,no,,
Allerlei,,,Someles,068 33 25 70,"Rue des Moulins 15 /17, 7860 Lessines",,no,,
Voedingsmiddelen - Kleinh.,,,Ruchard Sabine,,"Rue du Centre 17, 5003 Saint-Marc (Namen)",,no,,
Vertalers,http://vertalingenvbvg.be,,Kiessel Victor,081 73 13 29,"R DESIREE SOREE 26, 5020 FLAWINNE",,no,,http://www.vertaalbureau-azijn.be
Restaurants,http://www.restaurantpure.be,,Pure,058 51 11 13,"Heiststraat 1, 8670 Koksijde",,no,koknko@telenet.be,http://www.declochard.be
Onderwijs (Secundair),http://www.ecoleartisanale.be,,Ecole Artisanale Populaire,0473 13 63 96,"Rue Wilmet 42, 6110 Montigny-le-Tilleul",,no,info@ecoleartisanale.be,
Tandartsen,,,Quoirin Nadia,063 42 33 43,"Avenue de la Gare 32, 6720 Habay-la-Neuve (Habay)",,no,,
Taxi's,http://www.taxi-express-antwerp.be,,Taxi Express,0483 41 50 69,"Maantjessteenweg 35, 2170 Merksem (Antwerpen)",,no,info@taxi-express-antwerp.be,http://www.skywaytaxi.be
Lederwaren - Kleinh.,http://www.maroquinerie-wm.be,,Willems-Mattagne (Wilmat),,"Rue du Pont du Christ 17, 1300 Wavre (Waver)",,yes,maroquineriewm@skynet.be,http://www.kaminalederwaren.be
Communicatie - Adviesbureaus,http://www.mve-consulting.be,,SDK Invest,051 40 79 08,"Nederenamestraat 196, 9700 Nederename (Oudenaarde)",,yes,,http://www.magelaan.be
Thuiszorg,,,Waroux I,0495 51 56 68,"Digue des Peupliers 86, 7000 Mons (Bergen)",,yes,,
Landbouwwerken,http://www.wellensenzonen.be,,Deryk Marcus,013 31 25 77,"Staatsbaan 99, 3460 Assent (Bekkevoort)",,yes,,
Thuiszorg,https://www.facebook.com/Thuisverpleging-Gratianne-Bullens-Julie-Demarcke-602106059933737/,,Vandecasteele,0497 93 30 89,"Duinkerkestraat 28, 8620 Nieuwpoort",,yes,,
Allerlei,http://brandstoffen-sap-roger-en-kris.be,,Dokter Eva De Raes,,"Sint-Rembertlaan 21, 8820 Torhout",,yes,,http://www.degrooterammant.be
Advocaten,http://www.allenovery.com/pages/default.aspx,,Golinvaux Stephanie,02 742 70 00,"Louis Schmidtlaan 29, 1040 Etterbeek",,yes,,http://www.clemens-law.be
Ramen,http://www.entre-porte.be,,Entre-porte,0483 58 28 42,"Sint-Pietersdijk 2, 8340 Damme",,yes,guillaume@entre-porte.be,http://www.ramenentreporte.be
Allerlei,,,Earl Grey Estates,,"Rue de Thys 38, 6900 Humain (Marche-en-Famenne)",,yes,,
Allerlei,http://koffieentheeor.be,,Crick Paul & Joachim - Coppens,,"Schoorveldbaan 346, 9400 Ninove",,yes,,http://sophiethijs.be
Snack-bars,http://www.mangevie.be,,Ugur,,"Oranjestraat 82 A, 2060 Antwerpen",,yes,,http://www.karinabroodjeshuis.be
Plafonneerders,http://www.allwit-pleisterwerken.be,,De Rouck Lucien & Kurt,09 384 54 87,"Aalbroekstraat 6, 9890 Semmerzake (Gavere)",,yes,,http://www.pleisterwerkenanno.be
Immobilien - Binnenland,http://www.wolfs.be,,Wolfs l'Immobiliere,04 374 86 86,"Place Communale 3, 4684 Haccourt (Oupeye)",,yes,immobiliere@wolfs.be,http://www.palmers.be
Notarissen,http://www.notaire-indekeu.be,,Vanneste D,02 242 82 00,"Generaal Wahislaan 43, 1030 Schaarbeek",,yes,,http://www.marroyen.be
Onderwijs (Hoger),http://www.odisee.be,,Odisee Campus Dirk Martens,053 72 71 70,"Kwalestraat 154, 9320 Aalst",,yes,,
Communicatie - Adviesbureaus,,,J.W. CONSULT,0473 46 80 02,"Martouginlei 40, 2930 Brasschaat",,yes,,
Allerlei,,,VANMASSENHOVE JEAN,,"Fortuinstraat 4, 8400 Oostende",,yes,,
Apothekers,,,Fasylpharma,,"Rue Francois Dimanche 21, 6250 Roselies (Aiseau-Presles)",,yes,,
Groenten & fruit - Kleinh.,,,Martine,051 54 46 22,"Iepersteenweg 80, 8650 Merkem (Houthulst)",,yes,,
Software,http://www.wings.be,,DTMN,,"Groenstraat 44, 3360 Lovenjoel (Bierbeek)",,yes,,https://www.intelligentleds.be
Reinigen (Industrieel),http://www.sinfass-cleaning.be/website/,,DAVID EDUARD,,"De Borrekensstraat 23, 2100 Deurne (Antwerpen)",,no,,https://www.rafcleaningservice.be
Betonwerken,http://www.bouwwerken-notte.be,,Drive To You,09 369 75 83,"Grote Steenweg 17, 9340 Oordegem (Lede)",,no,,http://www.kimaud.be
Supermarkten & warenhuizen,https://www.mijnspar.be/store/2776,056 25 98 50,Spar Colruyt Group,056 25 98 50,"Engelse Wandeling 1/A, 8500 Kortrijk",info@retailpartnerscolruytgroup.be,no,info@retailpartnerscolruytgroup.be,https://www.mijnspar.be/store/2776
Schilderwerken - Aannemers,http://schilderwerkendavydewolf.be,,XL Projects,,"Langestraat 252, 1790 Hekelgem (Affligem)",,no,xl-projects@live.be,http://www.schilderwerkenvenneman.be
Dienstencheques (Dienstverlening via),http://www.dewind.be,,VANMAERCKE NICK,,"Ingooigemplaats 19, 8570 Ingooigem (Anzegem)",,no,,
Communicatie - Adviesbureaus,http://www.dueto.be,,LAMA DESIGN,,"Rue Ferrer 130, 7100 Haine-Saint-Paul (La Louviere)",,no,,http://www.visiyou.com
Psychologen,,,Lottin Th.,071 76 06 16,"Rue du Chesselet 245, 5060 Moignelee (Sambreville)",,no,thierry.lottin@skynet.be,
Bedrijfsbeheer & -organisatie - Adviesbureaus,,,HEREMANS RITA,03 211 04 11,"Jonker van der Nootstraat 8, 2050 Antwerpen",,no,,
Sociale & maatschappelijke instellingen,http://ilot.be,,L'ILOT MAISON D'ACCUEIL,071 35 57 06,"Chaussee de Gilly 66, 6040 Jumet (Charleroi)",,no,jumet@ilot.be,
Computers & toebehoren,http://computersdigicamm.be,,FIVE TO SEVEN,,"Koningin Astridlaan 25/Bus 4, 8200 Sint-Michiels (Brugge)",,no,,http://www.cittel.be
Onderwijs (Basis-),,,Gemeenschapsonderwijs-Basisscholen,055 21 52 00,"Koningin Astridplein 1, 9600 Ronse",,no,,
Allerlei,http://www.bouwcenter-vanhulle.be,,Anybrand Cosmetic,056 61 06 79,"Kapellestraat 40, 8720 Wakken (Dentergem)",,no,,http://www.seuropak.com
Allerlei,http://koffieentheeor.be,,Artorias,0471 73 77 16,"Ledebaan 53, 9300 Aalst",,no,tom_vanderstockt3@hotmail.com,http://sophiethijs.be
Financiele groepen,,,VISION HOLDING,,"Rue du Poteau 2, 7522 Blandain (Doornik)",,no,,
Ingenieurs-raadgevers,http://www.techtra.be,,AP Engineering,,"Begijnendijksesteenweg 82, 3200 Gelrode (Aarschot)",,no,peeters-michiels@skynet.be,https://www.vannieuwenhovegeo.be
Verzekeringstussenpersonen,,,Fleet Control Company,0475 82 27 76,"Blockmansstraat 3, 1820 Steenokkerzeel",,no,fleetcontrolcompany@gmail.com,
Boekhouders & fiscalisten,,,BLAISE CHARLOTTE,060 21 99 93,"Route de Macquenoise 49, 6596 Seloignes (Momignies)",,no,,
Voedingsmiddelen - Fabr. & Grooth.,http://www.cbg.be,,Gates International Prodotti Nobili,,"Kielsbroek 4, 2020 Antwerpen",,no,,https://www.komalitortillas.be
Allerlei,,,Sarac Ilyas,,"Rue Adolphe Renson 97, 4420 Montegnee (Saint-Nicolas)",,no,,
Traiteurs,,,Sputnik,015 63 08 26,"Winketkaai 24/101, 2800 Mechelen",,no,,
Allerlei,http://www.alterego-decor.be,,chartimax,,"Albert Panisstraat 170/1, 9120 Beveren-Waas (Beveren)",,no,,http://www.vvkp.be/psycholoog/14109
Vakantieboerderijen & gastenkamers,http://www.lerideux.be,,Le Rideux,,"Bihay 35, 6941 Heyd (Durbuy)",,no,,http://www.chambredhote-durbuy.be
Landmeters-experts,,,Traversin J,0496 61 93 65,"Vieux Chateau 7, 4671 Saive (Blegny)",,no,,
Brood- & banketbakkerijen,http://www.boulangerieleroy.be,,BOULANGERIE LEROY,068 45 48 91,"Avenue Saint-Martin 51, 7941 Attre (Brugelette)",,no,,
Ramen,www.innovemenuiserie.be,,Inn'Ove Menuiserie,0496 83 20 16,"Rue Charles Degrange 12, 6200 Chatelet",,no,innovemenuiserie@gmail.com,
Alternatieve behandelingswijzen & therapieen,http://www.voetweg.be,,Cools L,03 272 36 68,"Europastraat 43, 2850 Boom",,no,leon.c@skynet.be,http://www.gezondheidscoach-hormonen.be
Schilderwerken - Aannemers,http://www.chrishomequality.be,,Home Quality,0474 35 41 75,"Groenhoek 2B, 2222 Itegem (Heist-op-den-Berg)",,no,chrishomequality@gmail.com,http://www.schilderwerkenvansant.be
Onderwijs (Basis-),http://www.scholengroepleuven.be,,BS Vissenaken,016 81 81 86,"Aarschotsesteenweg 638, 3300 Vissenaken (Tienen)",,no,,
Bouwmaterialen,http://www.s-habiter.be,,S'Habiter...,04 387 57 88,"RUE CORONMEUSE 5B, 4650 JULEMONT",,no,s-habiter@s-habiter.be,http://www.hulsmans.be
Sociale & maatschappelijke instellingen,http://www.duinenpolder.net,,Duin en Polder,051 50 28 30,"Reuzemolenstraat 21, 8600 Diksmuide",,no,,http://www.demandel.be
Software,,,MACHIELS LUC,067 79 03 75,"Thy 19, 1470 Baisy-Thy (Genappe)",,no,lmachiels@yahoo.com,
Huisdieren (Toebehoren & producten voor) - Fabr. & Grooth.,http://www.lataire.be,,Group Lataire,09 374 17 03,"Hoekestraat 86, 9910 Knesselare",,no,info@lataire.be,http://www.laroygroup.com
Metaalbewerking,http://www.inferro.be,,VANDEMAELE Christof,051 30 26 45,"Beiaardstraat 20, 8860 Lendelede",,no,,http://www.dvsworks.be
"Verven, lakken, vernissen - Kleinh.",http://www.colora.be,,Colora Namur,081 30 41 45,"Chaussee de Marche 442, 5101 Erpent (Namen)",,no,,
Parfumerie-artikelen - Kleinh.,http://www.di.be,,Di,065 84 90 46,"Grand'Rue 21, 7000 Mons (Bergen)",,no,,
Notarissen,http://www.notaris-allard.be,,Allard M,089 20 73 20,"EUROPALAAN 100/1, 3650 DILSEN",,no,marc.allard@belnot.be,
Restaurants,http://www.pepperblend.be,,Pepper Blend,011 72 60 99,"Lazarijstraat 156/Bus 2.09, 3500 Hasselt",,no,,
Paardenwedrennen - Agentschappen,,,Belgische P M U S V  Nevenmaatschappij,056 60 64 58,"Posterijstraat 5, 8793 Sint-Eloois-Vijve (Waregem)",,no,,
Parfumerie-artikelen - Kleinh.,http://www.kapsalonindigo.be,,Indigo kapsalon,050 33 79 37,"Jules van Praetstraat 60, 8000 Brugge",,no,,
Restaurants,,,MC Donald'S,071 35 53 76,"Rue Tahon 16, 6041 Gosselies (Charleroi)",,no,,
Sociale & maatschappelijke instellingen,http://www.demandel.be,,Jongeren & Actie West-Vlaanderen,,"Rijselsestraat 19, 8500 Kortrijk",,no,,
Textiel - Drukkerijen,http://www.euroclovis.com,,Euroclovis,0474 43 07 56,"Avenue de Nivelles 75/A, 1300 Limal (Waver)",,no,pschmitz@euroclovis.com,http://www.print-compagnie.be
Koffiebranderijen,http://www.caffepiu.com,,La Cafeiere,04 343 56 85,"Rue Puits en Sock 118, 4020 Liege (Luik)",,no,,http://www.caffepiu.com
Bodemsanering & - bescherming,http://www.decnv.com,,GODRIE RECYCLING,03 288 12 44,"Eikenlei 187, 2960 Sint-Job-in-'t-Goor (Brecht)",,no,,http://www.tankrecycling.be
Apothekers,,,Farma Kronenhoek,03 770 53 59,"Kronenhoekstraat 9, 9170 Sint-Gillis-Waas",,no,deridder-cloet@skynet.be,
Aannemers - Woningbouw,http://www.cuppensbouw.be,,Bouwbedrijf Ruelens & partners,089 65 99 03,"Bilzerweg 31, 3665 As",,no,info@bouwbedrijfruelens.be,http://algemenebouwwerkenbg.be
Allerlei,http://www.bouwcenter-vanhulle.be,,Groep Lava,,"Grote Herreweg 115, 9690 Ruien (Kluisbergen)",,no,,
Internet - Webdesign,http://www.netfocus.be,,Netfocus,0496 84 57 82,"Rue Cordemont 21/bte 3, 4450 Slins (Juprelle)",,no,info@netfocus.be,http://www.ahs-computers.be
Allerlei,http://www.seuropak.com,,Willaert Mieke,,"Doornkouterstraat 2, 8980 Passendale (Zonnebeke)",,no,,http://www.degrooterammant.be
Allerlei,http://www.degoudenschaar.eu,,Sarens Finance Company,,"Autoweg 10, 1861 Wolvertem (Meise)",,no,,http://www.archideebvba.be
Secretariaatsdiensten voor bedrijven,http://www.paycover.be,,PAYCOVER,,"Avenue Pasteur 6H, 1300 Wavre (Waver)",,no,,
Direct mail - Behandeling & verzending,http://www.themailingfactory.be,,Nouveaux Etablissements Fontenelle,02 245 51 70,"Zenobe Grammelaan 48-50, 1030 Schaarbeek",,no,fontenelle@skynet.be,http://landscape-mailing.com
Allerlei,http://brandstoffen-sap-roger-en-kris.be,,Lefevre Quinten,,"Strostraat 4, 8000 Brugge",,no,,
Personeelsopleiding & -vorming,,,KNAPEN AGNETHA,011 65 11 50,"Diepestraat 4, 3870 Veulen (Heers)",,no,,
Containerparken,,,Parcs a Conteneurs,04 228 18 61,"Chaussee de Ramioul 1, 4400 Ivoz-Ramet (Flemalle)",,no,,
Vroedvrouwen,,,Janssens Ellen,0494 07 92 79,"Paal-Dorp 3, 3583 Paal (Beringen)",,no,ellenjanssens1992@outlook.be,
Tandartsen,,,Deketelaere,050 41 75 49,"Jules de Troozlaan 2, 8370 Blankenberge",,no,praktijk@tandartsendeketelaere.be,
Reisbureaus,,,Excel Travel,04 240 49 14,"Rue Elisa Dumonceau 20, 4040 Herstal",,no,excel.herstal@skynet.be,
Orthopedisten,http://www.orthopedie-toussaint.be,071 82 39 10,Toussaint,071 82 39 10,"Rue du Rabiseau 8, 6220 Fleurus",orthopedie.toussaint@skynet.be,no,orthopedie.toussaint@skynet.be,http://www.orthopedie-toussaint.be
Schilderwerken - Aannemers,http://www.beterwonen.be,,Couleur Passion,0477 77 13 77,"Venelle aux Ifs 2, 1300 Wavre (Waver)",,no,,http://www.deco-wim.be
Groenten & fruit - Kleinh.,,,Delmotte Damien,065 56 85 52,"Chaussee Brunehault 2, 7080 Sars-la-Bruyere (Frameries)",,no,,
Congressen (Organisatie van),,,PHYSICA RICHTER,,"Avenue Franklin Roosevelt 128, 1050 Bruxelles",,no,ulfmartinrichter@gmail.com,
Onderwijs (Secundair),,,St-Laurensinstituut ASO,09 345 93 45,"Dorp 21, 9185 Wachtebeke",,no,,
Tegels,http://www.carrelage-debroeck.be,,Debroeck F,063 44 52 97,"Rue du Centenaire 45, 6730 Tintigny",,no,carrelage-debroeck@hotmail.com,
Landmeters-experts,,,Hannecart,,"Rue de Nimy 31/3, 7000 Mons (Bergen)",,no,,
Boekhouders & fiscalisten,http://www.boekhoudingbreendonk.be,,Zakenkantoor Molleman,052 37 46 87,"Spiegellaan 44, 1785 Merchtem",,no,,http://www.dedeckerenco.be
Cafes,,,canada,,"Hellestraat 222, 9190 Kemzeke (Stekene)",,no,,
Secretariaatsdiensten voor bedrijven,http://www.secro.be,,Rossel Finance,,"Chaussee de Marche 581, 5101 Erpent (Namen)",,no,,http://www.ludique.be
Computers & toebehoren,http://www.d-lancomputeronderhoud.be,,De Thier Felix,,"Rue d'Alliebroux 1, 1315 Pietrebais (Incourt)",,no,,http://www.ericom.be
Tenten (Hallen) - Fabricage & verhuur,,,VORST BENNY,,"Verloren Kost 4, 3680 Maaseik",,no,benny_vorst@hotmail.com,
Artsen,,,Cabinet Medical St Martin,071 72 89 00,"Rue du Mont 8, 5640 Biesme (Mettet)",,no,,
Aardappelen - Grooth.,http://www.pomuni.com,,Polygon Investment and Trading,,"Schupstraat 1-7, 2018 Antwerpen",,no,,http://www.decosterbvba.be
Landbouwwerken,http://www.grondwerkenmoulaertfrans.be,,Mave,015 31 52 93,"Slekhoevevelden 9, 2860 Sint-Katelijne-Waver",,no,,http://www.vandyckloonbedrijf.be
Allerlei,http://www.carone-express.be,,De Caluwe - De Pauw,,"Stoktevijver 46, 9930 Zomergem",,no,,
Verhuizingen,http://www.gardemeublesdemenagementsliege.be,04 239 08 08,Fossoul J & Fils,04 239 08 08,4000 LIEGE,info@fossoul.be,no,info@fossoul.be,http://www.gardemeublesdemenagementsliege.be
Architecten,,,Therssen Y,02 426 69 41,"Kerkstraat 55A, 1701 Itterbeek (Dilbeek)",,no,,
Schrijn- & timmerwerken - Aannemers,http://www.eco-home.ws,,Eco-Home,014 22 33 20,"Mechelsestraat 54, 2260 Oevel (Westerlo)",,no,eco-home.bvba@telenet.be,http://www.houtskeletbouwasjh.be
Glazenwasserijen,http://www.goossenscleaning.be,,Preud'Homme Michel,,"Rue de Petit-Roeulx 6, 6230 Obaix (Pont-a-Celles)",,no,,http://glazenwasserschraepen.be
Allerlei,http://www.seuropak.com,,Biesbrouck Gregory,,"Westrozebekestraat 52, 8980 Passendale (Zonnebeke)",,no,,http://www.degrooterammant.be
Marktonderzoekbureaus,http://www.askit.be,,Dima,09 391 21 91,"Victor Huylebroeckstraat 2 B/202, 9060 Zelzate",,no,,http://www.marktonderzoek-tendens.be
Geluidsinstallaties - Verhuur,,,CEREBRUM,02 376 57 45,"Meerweg 103/41, 1601 Ruisbroek (Sint-Pieters-Leeuw)",,no,,
Groenten & fruit - Grooth.,http://www.primamundo.com,,MFP,051 50 42 31,"Cardijnlaan 19, 8600 Diksmuide",,no,,https://www.facebook.com/De-witte-De-Cauwer-groenten-en-fruit-381072748720130/
Banken,,,A.F.T Credit,0489 24 22 20,"Route de Falize 217, 4960 Malmedy",,no,,
Brood- & banketbakkerijen,,,Wolteche P,060 41 16 26,"Rue de la Station 5, 6440 Froidchapelle",,no,,
Allerlei,http://www.floraduchateau-bloemen.be,,agriculture,0473 30 08 77,"Rue des Mayeurs 9, 4300 Oleye (Borgworm)",,no,,http://www.jessazh.be
Brood- & banketbakkerijen,,,L'Epi d'or,0474 35 75 99,"Chaussee de Charleroi 5, 6061 Montignies-sur-Sambre (Charleroi)",,no,,
Elektriciteit - Algemene ondernemingen,http://www.jobyves.be,,Coenen J L,02 647 54 24,"Reigersvlietstraat 14, 1040 Etterbeek",,no,cjlsprl@skynet.be,http://www.elektricienvanloye.be
Aardappelen - Grooth.,http://www.flamingobrussel.be,,FLAMINGO,02 219 77 47,"Lakensestraat 177, 1000 Brussel",,no,info@flamingobrussel.be,http://www.aardappelenmichiels.be
Advocaten,http://www.advocaatgeingerhuguette.be,,Loquet Mathieu,,"Marsveldplein 2, 1050 Elsene",,no,,http://www.hoganlovells.com
Dienstencheques (Dienstverlening via),,084 38 86 10,ALE ASBL,084 38 86 10,"Rue de la Station 3, 6920 Wellin",alewellin@etshl.be,no,alewellin@etshl.be,
"Dieet-, natuur- & biologische voeding - Kleinh.",,,Rob E,084 31 11 72,"Chaussee de l'Ourthe 123, 6900 Marche-en-Famenne",,no,,
Aannemers - Wegeniswerken,http://www.grondwerken-en-beton.be,,Huby Charles,080 67 81 77,"Voie de Butgenbach 27, 4950 Faymonville (Waimes)",,no,hubycharles@hotmail.com,http://www.gemoco.be
Sportclubs & sportcentra,,,Jansen Saskia,,"Zavellaan 14, 1981 Hofstade (Zemst)",,no,,
Antiquiteiten,http://www.antwerpantiquesmarket.com,,Lau Nohara,03 239 86 97,"Fruithoflaan 105, 2600 Berchem (Antwerpen)",,no,,http://www.show-case.be
Tavernes,,,Parochiecentrum,016 65 59 60,"Brouwerijstraat 6, 1910 Kampenhout",,no,,
Begrafenisondernemingen,http://www.budget-funerals.be,,Pax Funerailles,02 733 18 42,"Kommandant Lothairelaan 26, 1040 Etterbeek",,no,funeraillespax@gmail.com,http://www.litsfunerailles.be
Octrooien- & merkenbureaus,http://www.ifori.be,,Banaka,,"Van Goethemstraat 84, 9820 Merelbeke",,no,,http://www.keymarks.be
Reservaties,http://www.deachtzaligheden.be,,De Zoo Gent,09 224 31 97,"Groentenmarkt 5, 9000 Gent",,no,info@deachtzaligheden.be,
Marktonderzoekbureaus,http://www.askit.be,,AKALIO,,"Reibroekstraat 13, 9940 Evergem",,no,olivier.wespe@akalio.com,http://www.marktonderzoek-tendens.be
Allerlei,http://koffieentheeor.be,,De Caluwe Davy,09 366 33 09,"Baerdonckstraat 29, 9230 Wetteren",,no,,http://sophiethijs.be
