website,name,telnumber,address,logo,email
http://www.dakwerken-asse-vdv.be,VDV_N Dakwerken,0493 77 83 78,"Marie-Louisestraat 35, 1730 Asse",yes,vdv_nicky@telenet.be
http://www.schilderwerken-dens.be,Schilderwerken Dens bvba,03 644 44 04,"Condorlaan 41, 2100 Deurne (Antwerpen)",yes,ronnie.dens@telenet.be
http://www.vandenbussche.eu,Vandenbussche J. & Zoon,02 360 10 39,"Victor Mertensstraat 8, 1501 Buizingen (Halle)",yes,info@vandenbussche.eu
http://www.al-boreno.be,Al-Boreno,013 67 55 04,"Spoorwegstraat 17/1, 3980 Tessenderlo",yes,al-borenobvba@skynet.be
http://www.dakwerkendegietergooik.be,Dakwerken VCS & De Gieter,0477 91 04 45,"Bruneaustraat 15, 1755 Kester (Gooik)",yes,tom.de.gieter@gmail.com
None,Lymar,03 322 84 98,"Ter Stratenweg 58, 2520 Oelegem (Ranst)",yes,lymar@busmail.net
http://www.dakwerkendecoster.be,Dak & Gevelwerken De Coster & Zoon,03 326 01 29,"Dorpstraat 156, 2070 Burcht (Zwijndrecht)",yes,robertdecoster@msn.com
http://www.walfrabouw.be,Walfra Bouw,050 35 79 82,"Kannunik Bittremieuxlaan 68, 8340 Sijsele (Damme)",yes,info@walfrabouw.be
http://grondwerkenoortsantwerpen.be,Grondwerken Oorts,03 353 26 11,"Merksemsebaan 164, 2110 Wijnegem",yes,grondwerken.oorts@skynet.be
None,Manu SA,02 463 51 01,"De Lenglentierstraat 7, 1000 Brussel",yes,manusa@skynet.be
http://www.grondwerkenmoulaertfrans.be,Moulaert Frans,03 485 70 07,"Abelebaan 99, 2520 Broechem (Ranst)",yes,info@grondwerken-moulaert.be
http://www.lahey.be,Lahey Schilder- & Decoratiebedrijf,0495 22 40 78,"Paul Lebrunstraat 5, 3000 Leuven",yes,lahey.decor@telenet.be
http://dakwerkenvanderydt.be,Dakwerken & Renovatiewerken Vanderydt bvba,013 29 00 16,"Steenweg 20, 3540 Berbroek (Herk-de-Stad)",yes,dakwerken.vanderydt@telenet.be
None,Algemene Dakwerken De Cock,015 34 56 79,"Drieshoevestraat 12, 2220 Heist-op-den-Berg",yes,None
None,Ghysels Roger,02 569 47 69,"Open Luchtlaan 39, 1640 Sint-Genesius-Rode",yes,roger.ghysels@entrepriseghysels.be
http://www.edbdakwerken.be,EdB Dakwerken,03 454 10 97,"Molenlei 47, 2530 Boechout",yes,info@edbdakwerken.be
http://www.goeman-construction-team.be,Goeman Construction Team,09 329 57 50,"Boeregemstraat 19, 9840 Zevergem (De Pinte)",yes,goeman.jeffery@gmail.com
http://www.zandgroeven-roelants.be,Roelants Zandgroeven,016 73 48 35,"Aardebrug 28, 3210 Lubbeek",yes,info@zandgroevenroelants.be
http://www.symaerts.be,SYMAERTS BVBA,016 62 11 00,"Wijgmaalsesteenweg 120, 3012 Wilsele (Leuven)",yes,symaerts@skynet.be
http://www.dakwerkensmeets.be,Dakwerken Smeets BVBA,089 86 43 18,"Hoogstraat 39, 3680 Neeroeteren (Maaseik)",yes,info@dakwerkensmeets.be
http://www.dakwerken-dejaeger.be,DE JAEGER ALAIN,09 329 02 99,"Sint-Bernadettestraat 6021, 9000 Gent",yes,dejaeger.alain@telenet.be
http://www.dakwerkenwouters.com,Dakwerken Davy Wouters,0477 51 09 53,"Terlaak 27, 3980 Tessenderlo",yes,info@dakwerkenwouters.com
http://www.kindak.be,Kindak,016 60 13 41,"Mechelsesteenweg 67, 1910 Kampenhout",yes,info@kindak.be
http://www.dakwerkenbv.be,Volders Benny Dakwerken,013 31 32 27,"Mellaerstraat 5, 3560 Lummen",yes,volders.benny@telenet.be
http://www.dakwerkendefeyter.be,Dak- & Gevelwerken De Feyter,03 825 46 86,"Oudestraat 80, 2660 Hoboken (Antwerpen)",yes,defeyterloodgieterijbvba@telenet.be
http://www.grizaco.be,Grizaco,011 26 04 40,"Scheepvaartkaai 4, 3500 Hasselt",yes,grizaco@eurovia.com
http://www.afbraakwerken-verheyen.be,Afbraakwerken Verheyen & Zonen,03 475 99 93,"Vaartstraat 169, 2520 Ranst",yes,afbraakwerken-verheyen@telenet.be
http://www.rioconstruct.be,Rio Construct,0477 60 52 16,"Kleinewinkellaan 34/A, 1853 Strombeek-Bever (Grimbergen)",yes,info@rioconstruct.be
http://dakwerkendeweverhalle.be,Dakwerken De Wever,0479 93 71 28,"Jozef Michelstraat 20, 1500 Halle",yes,dakwerkendewever@gmail.com
http://www.ainaut.be,A. Ainaut,0466 90 11 85,1050 Elsene,yes,info@ainaut.be
http://www.gaethofsenco.be,Gaethofs & Co,011 42 52 20,"Holststraat 109, 3583 Paal (Beringen)",yes,info@gaethofsenco.be
http://www.van-raak.be,VAN RAAK L. bvba,014 65 04 43,"Hegge 102-104, 2381 Weelde (Ravels)",yes,info@van-raak.be
http://www.deridderafbraakwerken.be,De Ridder & Zonen Afbraakwerken,0475 79 01 52,"Meerbos 12, 9260 Wichelen",yes,rony.de.ridder@telenet.be
None,Algemene Dakwerken Van Rompaey BVBA,0499 15 95 71,"Grote Heidestraat 11, 2221 Booischot (Heist-op-den-Berg)",yes,None
http://www.rubbydak.be,Rubby Dak,015 51 88 93,"Nekkerspoelstraat 289, 2800 Mechelen",yes,arno@rubbydak.be
http://schilderwerkenverstraete.be,Decorateur Verstraete-Jonckheere & zoon,059 30 07 01,"Populierenlaan 41, 8430 Middelkerke",yes,maite@decorateurverstraete.be
http://www.beetsdakwerken.be,Beets Dakwerken,011 26 27 22,"Europaweg 15, 3560 Lummen",yes,info@beetsdakwerken.be
http://www.vrints.be,Vrints Bestrating,0495 87 46 87,"Leeuwerk 10, 2960 Sint-Lenaarts (Brecht)",yes,info@vrints.be
http://puriso-vochtbestrijding-isolatie.be,Puriso,0476 46 70 16,"Paddevijverstraat 65, 8900 Ieper",yes,info@puriso.be
http://www.verbouwingswerkenlamikris.be,Lami Kris,0475 39 35 80,"Schoolstraat 10, 1980 Zemst",yes,kris.lami@telenet.be
http://www.ackx-bvba.be,Ackx BVBA,014 84 17 19,"Heieinde 25, 2431 Veerle (Laakdal)",yes,roger@ackx-bvba.be
None,Dakwerken Cuyvers,0497 85 49 57,"Sigarenstraat 75, 2940 Stabroek",yes,info@dakwerkencuyvers.be
http://www.bouwondernemingdebalerik.be,Alg Bouwondernem Debal Erik,051 20 83 41,"Verbrandhofstraat 130, 8800 Roeselare",yes,info@debalerik.be
http://www.alustar-dakgoten.be,A.R.S.-Alustar,051 61 11 68,"Nijverheidsstraat 3, 8740 Pittem",yes,info@alustar.be
http://www.boonsg.be,Algemene Schrijnwerken Boons bvba,03 711 11 94,"Duitslandstraat 13, 9140 Temse",yes,boons1@telenet.be
http://www.batisweet.be,Batisweet,02 241 45 01,"Pagodenlaan 32, 1020 Laken (Brussel)",yes,info@batisweet.be
http://bertenbvba-grondwerken.be,Berten,0474 90 96 02,"Elzendamme 3, 8640 Oostvleteren (Vleteren)",yes,berten_bvba@hotmail.com
http://oudesteenroefs.be,Roefs Stanny en Zonen,014 61 37 35,"Gorenstraat 10, 2340 Beerse",yes,sroefs@gmail.com
http://www.desibo.be,Desibo sprl,02 203 41 84,"Berkenlaan 54, 1850 Grimbergen",yes,info@desibo.be
http://dak-gevelrenovatie-gent.be,Dakwerken De Vos,09 355 68 90,"Veldekensstraat 25/B, 9070 Destelbergen",yes,info@dakwerkendevos.be
http://www.alrebo.be,Alrebo bvba,09 220 75 72,"Oude Veldstraat 4, 9041 Oostakker (Gent)",yes,info@alrebo.be
http://www.lavaertgroup.com,Lavaert Group,056 41 52 56,"Aalbeeksesteenweg 25, 8930 Lauwe (Menen)",yes,info@lavaertgroup.com
http://www.cab-construct.be,C.A.B.-Construct,089 62 24 26,"Nijverheidslaan 1500, 3660 Opglabbeek",yes,info@cab-construct.be
http://www.jdr-solutions.be,JDR-Solutions,0468 22 51 39,"Strijmeers 117, 9520 Vlierzele (Sint-Lievens-Houtem)",yes,jdr-solutions@outlook.com
http://www.joviconstruct.be,Jovi-Construct,056 35 68 62,"Mellestraat 16, 8501 Heule (Kortrijk)",yes,joviconstruct@gmail.com
http://www.geertdakwerken-sanitair.be,Jacobs Geert,0475 58 89 87,"Kerkstraat 2/A, 1820 Melsbroek (Steenokkerzeel)",yes,geertjacobs110@gmail.com
http://www.rioleringswerken-bennysmets.be,Rioleringswerken Benny Smets bvba,0473 35 22 82,"Berendonk 10, 2370 Arendonk",yes,benny-smets@skynet.be
http://www.dirk-bradt.be,Bradt Dirk,09 281 11 44,"Nazarethstraat 43 A, 9840 De Pinte",yes,info@dirk-bradt.be
http://www.kevinverlinden.be,Kevin Verlinden Nieuwbouw en Renovatiewerken,0478 62 25 76,"Lierse Steenweg 151, 2288 Bouwel (Grobbendonk)",yes,info@kevinverlinden.be
http://www.lucgeens.be,GEENS Luc,03 455 42 25,"Lerenveld 14, 2547 Lint",yes,info@lucgeens.be
http://www.degro.be,Degro Grondwerken,057 21 77 78,"Rozendaalstraat 111, 8900 Ieper",yes,info@degro.be
http://colmanjurgen.be,Colman Jurgen BVBA,03 779 54 46,"Lijkveldestraat 112, 9170 Sint-Pauwels (Sint-Gillis-Waas)",yes,colmanjurgen@skynet.be
http://www.alldakconstruct.be,All Dakconstruct,03 296 57 22,"Vaartstraat 164, 2960 Brecht",yes,info@alldakconstruct.be
http://www.avygroafbraakenrenovatiegent.be,Avygro,09 356 92 43,"Teirlinckstraat 1, 9900 Eeklo",yes,mcconstruction@live.be
http://www.abeloosdakwerken.be,Abeloos,016 49 04 03,"Houbenstraat 21, 3070 Kortenberg",yes,info@abeloosdakwerken.be
https://www.vdr-construct.be,VDR Construct,0494 69 60 97,"Huivelde 77, 9240 Zele",yes,vdr.renovatie@gmail.com
http://www.dakwerkenspeelman.be,Dakwerken Speelman,03 448 24 70,"Drabstraat, 2640 Mortsel",yes,info@dakwerkenspeelman.be
http://www.vandeveiredakwerken.be,Van De Veire Dirk,0475 84 97 08,"Damstraat 47, 9030 Mariakerke (Gent)",yes,dirk.van.veire1@pandora.be
http://www.daktro.be,Daktro,03 321 92 11,"Adrinkhovenlaan 96, 2150 Borsbeek",yes,office@daktro.be
http://woningbouwetteren.be,BVBA Van Hoecke,09 252 54 56,"Heusdensteenweg 38/A, 9230 Wetteren",yes,peter@vanhoeckebouw.be
http://www.rietendakenvancamp.be,Rietendaken Van Camp,0497 70 16 21,"Akkerstraat 1, 2950 Kapellen",yes,ronny.van.camp@telenet.be
http://www.vantommecontainers.be,CONTAINERVERHUUR Vantomme Containers,0475 51 54 18,"Moorselestraat 139, 8930 Menen",yes,patrick.vantomme@telenet.be
http://www.vdb-rioleringen.be,VDB Put- & Rioleringswerken,0475 61 15 85,"Vaartstraat 88, 2845 Niel",yes,ronny.vandenberge@telenet.be
http://www.dakwerkendebrabandere.be,Debrabandere,056 37 42 39,"Rijmsnoerstraat 4, 8501 Bissegem (Kortrijk)",yes,dakwerken.debrabandere@telenet.be
http://www.dakwerken-dr.be,D & R Dak en Renovatiewerken,0473 71 62 88,"Noordlaan 144, 9230 Wetteren",yes,d-r@telenet.be
http://www.dakwerkenvandingenen.be,Algemene Dakwerken Van Dingenen,0495 88 20 74,"Doornboompad 32, 2270 Herenthout",yes,hans_van_dingenen@hotmail.com
http://demeulemeesterpaul.be,De Meulemeester Paul,09 245 18 64,"Sint-Rochusstraat 21, 9051 Sint-Denijs-Westrem (Gent)",yes,paul.de.meulemeester@skynet.be
http://www.desibo.be,DESIBO,0477 54 92 51,"Berkenlaan 54, 1850 Grimbergen",yes,info@desibo.be
http://www.dakwerkenvandenbliek.be,Van den Bliek & Zn,014 61 32 65,"Hoortverten 28, 2350 Vosselaar",yes,vdbliek@telenet.be
None,VNH Construct,0475 45 38 98,"Reynaertstraat 12 A, 8710 Wielsbeke",yes,info@vnhconstruct.be
http://www.fr-denissen-zn.be,Denissen Fr & Zonen,03 636 48 39,"Smederijstraat 13, 2960 Sint-Job-in-'t-Goor (Brecht)",yes,info@fr-denissen-zn.be
http://www.jgconstruct.be/,JG Construct,0476 30 78 40,"Doolstraat 12, 2275 Gierle (Lille)",yes,info@jgconstruct.be
http://www.depoovergrondwerken.be,Depoover,051 70 58 46,"Vlaestraat 29, 8610 Zarren (Kortemark)",yes,chris.depoover@telenet.be
http://www.tip-tophome.be,Tip-Top Home,016 60 70 27,"Beverdijk 60, 3150 Haacht",yes,tip.top.home@skynet.be
http://www.kurtvanespen.be,Algemene Dak- & Zinkwerken Van Espen Kurt,0475 78 01 89,"Veldonkstraat 275 C, 3128 Baal (Tremelo)",yes,kurtvanespen@skynet.be
http://www.wilboy.be,Wilboy,0468 29 38 28,"Spreeuwenstraat 4, 3560 Lummen",yes,bvba_wilboy@pandora.be
http://www.rbdakwerken.be,R & B Dakwerken,0479 26 38 97,"Hundelgemsesteenweg 1088, 9820 Merelbeke",yes,john.rijckebos@telenet.be
http://grondwerkencontainersdeneire.be,Deneire Marc,051 50 25 79,"Kleine Dries 29 A, 8600 Diksmuide",yes,info@deneire.be
http://www.dakwerkends.be,JC Interiors,0485 74 56 04,"Sint-Bernardse Steenweg 973, 2660 Hoboken (Antwerpen)",yes,info@c-bouw.be
http://www.grondwerken-ceulemans.be,Ceulemans Loonwerken,015 32 02 69,"Wolvenstraat 16, 2861 Onze-Lieve-Vrouw-Waver (Sint-Katelijne-Waver)",yes,info@loonwerken.be
http://dakwerkenhermans.be,Dakwerken Hermans bvba,089 56 47 12,"Drietak 86, 3640 Kessenich (Kinrooi)",yes,jackyhermans@dakwerkenhermans.com
None,Van Nieuwenhuyse Bouw-Vanibo,09 251 23 86,"Eekhoutdriesstraat 7 B, 9041 Oostakker (Gent)",yes,info@vanibo.be
http://www.zoldersedakcentrale.be,Algemene Zolderse Dakcentrale,011 53 63 60,"Heidjesstraat 1 A, 3550 Zolder (Heusden-Zolder)",yes,info@zoldersedakcentrale.be
http://www.algemenedakwerkenvranken.be,Algemene dakwerken Vranken,016 43 49 48,"Aarschotsesteenweg 170 A, 2230 Herselt",yes,eric.vranken1@telenet.be
http://www.dehenau-constructions.be,De Henau Constructions bvba,0485 20 73 66,"Lindestraat 3, 9550 Herzele",yes,filipdehenau@telenet.be
http://www.b-bindustriebouw.be,B&B Industriebouw,011 80 33 36,"Haltstraat 84, 3900 Overpelt",yes,info@b-bindustriebouw.be
http://www.mkgro.be,MKgro,0477 92 03 00,"Oostkerkestraat 36, 8300 Westkapelle (Knokke-Heist)",yes,info@martenskoen.be
http://www.volume-plus.be,Volume +,0475 68 69 77,"Vereeckenstraat 38, 1820 Melsbroek (Steenokkerzeel)",yes,info@volume-plus.be
http://dkgwijchmaal.be,DKG,011 63 32 38,"Kerrestraat 14, 3990 Wijchmaal (Peer)",yes,goeleven.kris@skynet.be
http://www.adwvanbos.be,A.D.W.,0473 97 63 00,"Grote Nieuwedijkstraat 322, 2800 Mechelen",yes,vanbosdakwerken@hotmail.com
https://www.dakwerkenrenders.be,Dakwerken Renders,0491 17 22 21,"Tiensesteenweg 176, 3360 Korbeek-Lo (Bierbeek)",yes,info@dakwerkenrenders.be
http://www.kvo-grondwerken.be,Grondwerken K.V.O.,03 457 59 20,"Klokkestraat 49, 2550 Kontich",yes,info@kvo-grondwerken.be
http://www.afbraakwerkengenk.be,Claes W. CONSTRUCTION,0474 57 34 39,"Winterbeeklaan 35, 3600 Genk",yes,info@claesw.com
None,VDV Bouwwerken,0475 46 58 12,"Hospitaalstraat 63, 9940 Ertvelde (Evergem)",yes,vdvbouwwerken@hotmail.com
http://www.allconcept.be,Allconcept,056 25 37 86,"Begijnestraat 2, 8880 Ledegem",yes,info@allconcept.be
http://www.anneessenssprl.be,Anneessens,010 22 93 14,"Venelle du Sart 6, 1300 Wavre (Waver)",yes,entreprise.anneessens@hotmail.com
http://www.neveplastics.be,Neve Plastics NV,03 454 00 41,"Heirbaan 64, 2640 Mortsel",yes,info@neveplastics.be
http://buntinxlimburg.be,Buntinx E,011 81 52 58,"Vennenstraat 48, 3520 Zonhoven",yes,eddybuntinx@hotmail.com
http://www.topnoord.be,Top Noord,03 411 11 60,"Nijverheidsweg 9, 2310 Rijkevorsel",yes,info@topnoord.be
http://www.vanhaste-dakwerken.be,Vanhaste,057 33 45 62,"Loviestraat 65, 8970 Poperinge",yes,geertvanhaste@hotmail.com
http://manfrabvba.be,Manfra Bvba,0491 36 00 93,"Koetsstraat 16/1, 3530 Houthalen (Houthalen-Helchteren)",yes,manfrabvba@gmail.com
http://www.roodeco.be,Roodeco,0476 92 11 25,"Koolkappersstraat 43, 8500 Kortrijk",yes,info@roodeco.be
http://www.epconstruct-industriebouw.be,E & P Construct,011 61 00 51,"Broederspad 1, 3550 Zolder (Heusden-Zolder)",yes,frank.ennekens@epconstruct.be
http://www.haepers.be,Dakwerken Haepers,015 24 10 80,"Hooiweg 18, 2222 Itegem (Heist-op-den-Berg)",yes,info@haepers.be
http://www.dakwerken-westkust.be,dakwerken westkust,0475 46 62 02,"Timmermanstraat 55, 8400 Oostende",yes,west-kust@hotmail.com
http://www.adwschrijnwerk.be,De Witte A en Zoon,09 348 34 79,"Beukendreef 18, 9160 Lokeren",yes,info@adwschrijnwerk.be
http://www.adget.be,ADGET Dirk Leflot,0496 52 72 56,"Hemelshoek 271, 2590 Berlaar",yes,info@adget.be
http://www.vermaco.be,Vermaco,09 386 80 43,"Schipdonkstraat 14, 9800 Bachte-Maria-Leerne (Deinze)",yes,yves.martens@proximedia.be
http://www.jrsbouwservicebvba.be,J.R.S. Bouwservice,0496 47 51 88,"Hoge Bokstraat 207, 9111 Belsele (Sint-Niklaas)",yes,jurgen@jrs-rombaut.be
http://www.dakwerken-nicasi.be,Dakwerken Nicasi,03 481 97 36,"Goorstraat 8, 2560 Nijlen",yes,dakwerken.nicasi@skynet.be
http://www.marinomoenens.be,Moenens Marino,0476 34 81 45,"Lentedreef 10, 8520 Kuurne",yes,moenens.marino@telenet.be
http://www.jimmyvermeulen.be,Jimmy Vermeulen,03 771 24 34,"Veldstraat 363, 9140 Temse",yes,jimmy@jimmyvermeulen.be
http://www.etabo.be,Etabo,03 776 65 95,"Pastoor De Meerleerstraat 24 A, 9100 Sint-Niklaas",yes,info@etabo.be
http://www.dakwerkenwillemsen.be,Willemsen F,03 666 09 91,"Bareelstraat 80, 2920 Kalmthout",yes,frank.willemsen1@telenet.be
http://www.vbg.be,VBG,013 67 93 00,"Dellestraat 25, 3550 Zolder (Heusden-Zolder)",yes,vbg@colas.be
http://www.vdpconstruct.be,Vandeperre Wouter,0485 31 05 47,"Grensstraat 18, 3941 Eksel (Hechtel-Eksel)",yes,info@vdpconstruct.be
http://www.macallaeys.be,MAC Allaeys,03 766 71 50,"Europark Zuid 5, 9100 Sint-Niklaas",yes,griet@macallaeys.be
http://www.homein1.be,Home in 1,0474 74 87 54,"Eikelendreef 1, 3582 Koersel (Beringen)",yes,info@homein1.be
http://www.probuildbouwgroep.be,Probuild Bouwgroep,0494 46 33 78,"Oostkaai 25/2, 2170 Merksem (Antwerpen)",yes,info@probuild.nu
http://www.dbk-construct.be,DBK Construct,0488 41 92 70,"Roskotstraat 66, 9240 Zele",yes,dbk.construct@gmail.com
http://www.brupaint.be,Brupaint,089 86 67 78,"Henry Fordlaan 86/1, 3600 Genk",yes,info@brupaint.be
http://www.therenovator.be,The Renovator,016 29 30 13,"Kapucijnenvoer 90, 3000 Leuven",yes,info@therenovator.be
None,De Smet dakwerken,09 369 01 23,"Dorpstraat 74, 9260 Serskamp (Wichelen)",yes,office@desmet.info
http://www.grondwerkenelautmortier.be,Elaut-Mortier,09 363 08 40,"Heistraat 93, 9860 Oosterzele",yes,info@elautmortier.be
http://www.grondwerkenbuytaert.be,Buytaert,03 253 07 58,"Hogenakkerhoekstraat 3, 9150 Kruibeke",yes,info@buytaertbvba.be
http://www.mentens.be,A.A.S. Mentens Gebr,013 44 43 83,"Hulshoekstraat 61, 3560 Linkhout (Lummen)",yes,herman@mentens.be
http://www.argodecor.be,Argo Decor,0479 77 61 57,"Mergelbeek 35, 9220 Hamme",yes,gino@argodecor.be
http://www.bvbadewitte.be,De Witte bvba,03 457 35 26,"Ooststatiestraat 68, 2550 Kontich",yes,info@bvbadewitte.be
http://www.voegwerkenstorme.be,Voegwerken Storme,051 62 92 19,"Kloosterhof 15, 8770 Ingelmunster",yes,voegwerken.storme@telenet.be
http://www.vanwaes.be,Van Waes & Zn BVBA,09 226 49 74,"Hazenlaan 21, 9032 Wondelgem (Gent)",yes,info@vanwaes.be
http://www.ghemko.be,Ghemko,03 777 75 86,"Zonnestraat 76 B, 9100 Nieuwkerken-Waas (Sint-Niklaas)",yes,romain@ghemko.be
http://www.francobvba.be,Franco & Zoon,050 42 72 00,"Canadezenstraat 101, 8380 Lissewege (Brugge)",yes,info@francobvba.be
None,Pema Dakwerken,052 46 13 42,"Potaardestraat 9, 9250 Waasmunster",yes,pema.dakwerken@telenet.be
http://www.wall-s.be,Wall's,0470 09 86 09,"Heerbaan 214/bus 3, 3582 Koersel (Beringen)",yes,stijn@wall-s.be
http://wvh.be,WVH,0496 50 63 35,"Leuvensesteenweg 99, 1910 Kampenhout",yes,info@w-vh.be
http://www.mts-industriebouw.be,M.T.S. Systems,011 48 03 80,"Lichtenberglaan 2049, 3800 Sint-Truiden",yes,info@mts-systems.be
http://www.atelierdekerf.be,Atelier De Kerf,02 466 34 61,"Jan Dekinderstraat 72, 1731 Zellik (Asse)",yes,rudy.de.kerf@telenet.be
http://www.dakwerken-toidak.be,Toidak,0477 38 70 18,"Albert Bosmansstraat 7, 1501 Buizingen (Halle)",yes,toidak@telenet.be
http://www.schilderwerkentemmerman.be,Jean-Claude Temmerman & Zoon,0495 22 86 60,"Wijngaardweg 37, 9450 Haaltert",yes,schildertemmerman@gmail.com
http://brasschaatsegrondenafbraakwerken.be,Brasschaatse Grond- en Afbraakwerken,03 651 74 55,"Lage Kaart 431, 2930 Brasschaat",yes,harry.stessels@busmail.net
http://www.dedakwerkerleuven.be,De Dakwerker bvba,016 44 59 23,"Aarschotsesteenweg 409, 3012 Wilsele (Leuven)",yes,None
http://www.wattel.be,Wattel Dakwerken,056 31 16 04,"Speiestraat 98A, 8940 Wervik",yes,didier@wattel.be
http://www.bouwbedrijf-bouwadvies.be,Bouw-Advies,013 29 00 97,"Steenweg 13-15, 3540 Berbroek (Herk-de-Stad)",yes,info@bouwbedrijf-bouwadvies.be
http://www.wbconstruct.be,W&B Construct,0479 36 21 74,"Brusselsesteenweg 422 B, 3020 Veltem-Beisem (Herent)",yes,wbconstruct@hotmail.com
http://www.alpha-mat.be,Alpha-Mat,03 844 76 86,"Nijverheidsstraat 16, 2570 Duffel",yes,alpha-mat@skynet.be
http://www.schrijnwerkendewinter.be,De Winter Schrijnwerken,09 386 26 70,"Lotenhullestraat 51, 9800 Vinkt (Deinze)",yes,info@schrijnwerkendewinter.be
http://www.hawalt.be,Bouwwerken Hawalt,016 73 41 74,"Vleminkstraat 32, 3201 Langdorp (Aarschot)",yes,hans.geens@skynet.be
http://www.gevelrenovatievercamer.be,V & R Vercamer bvba,0497 77 13 25,"Neerhofstraat 8, 8560 Wevelgem",yes,vercamerbvba@telenet.be
http://grondwerkenraemdonck.be,Raemdonck,09 345 05 14,"Albert De Smetstraat 29, 9042 Sint-Kruis-Winkel (Gent)",yes,raemdonck@telenet.be
http://www.hanssensherman.be,Hanssens Herman,09 362 20 58,"Turkenhoek 10, 9860 Scheldewindeke (Oosterzele)",yes,info@hanssensherman.be
http://www.grondwerkenvandermeirsch.be,Grondwerken Van Der Meirsch,09 384 71 93,"Steenweg Deinze 175/A, 9810 Nazareth",yes,grondwerken.vdm@hotmail.com
http://grondwerken-denyseric.be,Denys Eric bvba,051 74 47 07,"Lichterveldsestraat 89, 8851 Koolskamp (Ardooie)",yes,denyseric@skynet.be
http://hw-construcs.be,HW-Construcs,016 69 75 45,"Kerselarestraat 19, 2230 Ramsel (Herselt)",yes,werner.hermans1@telenet.be
http://cappellemarin.be,Cappelle Marin,050 84 02 84,"Maalse Steenweg 408/101, 8310 Sint-Kruis (Brugge)",yes,marincappelle@hotmail.com
http://www.vandenbulckgrondwerken.be,Van den Bulck J & H,014 26 18 55,"Plassendonk 11, 2200 Noorderwijk (Herentals)",yes,None
http://www.rds-bvba.be,R.D.S.,016 29 65 81,"Rijweg 91, 3020 Herent",yes,info@rds-bvba.be
http://www.damsbouwwerken.be,Dams,0497 93 38 04,"Borgeleien 24, 2440 Geel",yes,dams.bvba@telenet.be
http://www.totalfix.be,Totalfix,0471 12 30 00,"Kanunnik De Deckerstraat 58, 2800 Mechelen",yes,info@totalfix.be
http://www.dakteam.be,Dakwerken De Clerck,03 253 00 33,"Kamillelaan 8, 2070 Zwijndrecht",yes,info@dakteam.be
http://www.tconstruct.be,T Construct,0497 90 88 05,"Steenweg op Gelrode 105, 3110 Rotselaar",yes,toni@tconstruct.be
None,Nooyens Guy,014 43 01 29,"Gierlebaan 91, 2275 Lille",yes,guy.nooyens@telenet.be
https://www.inforegio.be/schrijnwerkerij-van-criekingen-tielt-winge,Gyprocwerken Van Criekingen,0473 17 25 35,"Stekstraat 20, 3390 Tielt (Tielt-Winge)",yes,tommy.van.criekingen@gmail.com
http://www.dakwerkenbrepoelsrobert.be,Brepoels Robert Dakwerken,089 23 45 24,"Groenstraat 46A, 3730 Hoeselt",yes,dakwerken.brepoels@telenet.be
http://hermanlemmens.be,Lemmens Herman,015 76 16 35,"Mechelbaan 94, 2861 Onze-Lieve-Vrouw-Waver (Sint-Katelijne-Waver)",yes,info@hermanlemmens.be
http://www.lapeirre.be,Lapeirre Woningbouw,051 26 36 80,"Liebeekstraat 23, 8800 Roeselare",yes,info@lapeirre.be
http://www.dakwerkenmaekelberg.com,Maekelberg,051 56 67 48,"Ichtegemstraat 40 A, 8610 Kortemark",yes,bvbamaekelberg@hotmail.com
http://www.dammangrondwerken.be,Damman bvba,051 68 85 40,"Zegerstraat 6, 8700 Tielt",yes,damman@grodaka.be
http://www.vankerrebroeckbvba.be,Van Kerrebroeck,050 60 72 77,"Koolkerkesteenweg 12, 8340 Oostkerke (Damme)",yes,karel.vankerrebroeck@telenet.be
None,Louagie Gerdi,0494 30 86 56,"Mellestraat 163, 8501 Heule (Kortrijk)",yes,dakwerken_louagie@hotmail.com
http://warmtepompen-vankersschaever.be,Vankersschaever Johan,0477 30 28 04,"Eienbroekstraat 22, 8340 Oostkerke (Damme)",yes,info@vankersschaever.be
http://www.dakwerkenmoensfrancis.be,Algemene Dak- en Torenwerken Moens Francis,011 68 72 65,"Wilderenlaan 52-54, 3803 Wilderen (Sint-Truiden)",yes,bvbafrancis.moens@hotmail.com
None,Dakwerken Soetewey J.,0493 73 92 75,"Kesseldallaan 60/101, 3010 Kessel-Lo (Leuven)",yes,alg.aanneming.dsj@live.be
http://www.hsm-creations.be,H.S.M. Creations,0475 47 33 90,"Glashoevelaan 31, 2940 Stabroek",yes,info@hsm-creations.be
http://www.schilderendecoratiewerkenvdp.be,Schilder- & Decoratiewerken VDP,09 245 09 22,"Heerweg-Noord 161, 9052 Zwijnaarde (Gent)",yes,info@patrickvandort.be
None,Profidak,0475 42 40 64,"Belcrownlaan 14-UNIT8, 2100 Deurne (Antwerpen)",yes,info@profidak.com
http://www.nijsschilderwerken.be,Nijs R & Zn,011 27 31 08,"Paardenweideweg 16, 3511 Kuringen (Hasselt)",yes,bvba.nijs.r.zoon@telenet.be
http://www.hadijco-lier.be,Hadijco,03 489 30 87,"Paaiestraat 74, 2500 Lier",yes,info@hadijco-lier.be
None,Reynders grondwerken,012 45 70 24,"Reeckervelt 10, 3770 Riemst",yes,reynders.ond@telenet.be
https://www.schrijnwerkenbruyninckx.be,Bruyninckx R,016 77 79 77,"Heerbaan 58, 3472 Kersbeek-Miskom (Kortenaken)",yes,romain.bruyninckx@telenet.be
http://dakwerkenkurtgooik.be,Dakwerken Kurt,054 32 14 97,"Goteringenstraat 32, 1755 Kester (Gooik)",yes,info@dakwerkenkurt.be
http://epdmdakengent.be,Dakwerken Edj,0478 67 35 10,"Kerkstraat 9, 9521 Letterhoutem (Sint-Lievens-Houtem)",yes,erwin.de.jonge@telenet.be
http://www.matthewvaneester.be,MVE BVBA,0477 40 71 03,"Broechemsesteenweg 148, 2531 Vremde (Boechout)",yes,info@matthewvaneester.be
http://parketvloerenrenoba.be,Renoba Parket,050 67 87 10,"Astridlaan 232, 8310 Assebroek (Brugge)",yes,info@renobaparket.be
http://www.carllaloo.be,Schilder- en Decoratiewerken Carl Laloo,0472 03 13 13,"Bruggestraat 112, 8730 Oedelem (Beernem)",yes,info@carllaloo.be
http://www.schilderwerkenlavaert.be,Schilderwerken Lavaert Jan,0479 80 83 16,"Rozenlaan 16, 9800 Petegem-aan-de-Leie (Deinze)",yes,schilderwerkenlavaert@telenet.be
None,Bouwonderneming Verhaegen,0477 54 41 59,"Willekenslaan 110, 3130 Betekom (Begijnendijk)",yes,verhaegen_bouw@hotmail.com
None,Schrijnwerkerij Guy Schuddinck,None,"Bohemen 12, 9260 Wichelen",yes,guy.schuddinck@skynet.be
http://www.van-steenvoort.be,B&H Van Steenvoort,03 633 11 34,"De Prolistraat 48 A, 2930 Brasschaat",yes,hendrik@van-steenvoort.be
None,Schilderwerken Piot-Sel,0475 89 71 10,"Trolieberg 49 B, 3010 Kessel-Lo (Leuven)",yes,piot-sel@telenet.be
http://www.zizointerieur.be,ZiZo Interieur,0478 61 24 12,"Leuvensebaan 136/A, 2580 Putte",yes,benny.zizointerieur@gmail.com
None,A Laenen & Zonen,03 236 61 89,"Van Montfortstraat 54-56, 2140 Borgerhout (Antwerpen)",yes,laenen.zonen@skynet.be
http://nickverschuere.be,Nick Verschuere schrijnwerker,0478 25 63 72,"Otegemstraat 306, 8550 Zwevegem",yes,nick.verscheure@telenet.be
http://www.vens.be,Bouwbedrijf Vens,051 61 12 19,"Kortrijksteenweg 16, 8750 Zwevezele (Wingene)",yes,info@vens.be
None,AST - Algemene Schilderwerken Terbank,0495 14 16 51,"Tweekleinewegenstraat 64, 3001 Heverlee (Leuven)",yes,ast.schilder@scarlet.be
http://www.braekman.be,Bouwbedrijf BVBA Braekman & Zoon,0478 56 32 71,"Strijmeers 29, 9520 Vlierzele (Sint-Lievens-Houtem)",yes,bouwbedrijf.braekman@telenet.be
http://morel-ondernemingen.be,Morel Ondernemingen,03 455 23 18,"Provinciesteenweg 542, 2530 Boechout",yes,info@morel-bvba.be
http://www.aanleg-daken.be,Krick Marc,09 367 86 30,"Brugstraat 47, 9270 Kalken (Laarne)",yes,marc.krick@skynet.be
http://www.voegwerkenzele.be,Verleysen Marco Voegwerken en Gevelrenovatie,0496 33 30 38,"Alois De Beulelaan 30A-W1, 9240 Zele",yes,marcoverleysen@telenet.be
http://www.afbraakwerkenvanderplaslebbeke.be,Van Der Plas & Zoon,0476 60 51 38,"Fabrieksstraat 42, 9280 Lebbeke",yes,van.der.plas@telenet.be
http://demcombvba.be,Demcom,0475 52 21 46,"Leopoldslei 131, 2930 Brasschaat",yes,demcombvba@gmail.com
http://www.dakwerkenwolvertem.be,Algemene Dakwerken Siemons Erik,052 30 00 61,"Grotendries 12, 1861 Wolvertem (Meise)",yes,erik.siemons@telenet.be
http://www.goeminne.be,Roger Goeminne,09 383 59 08,"Driesstraat 27, 9750 Huise (Zingem)",yes,info@goeminne.be
None,Dakwerken Vermandere Johan,051 72 39 50,"Daalderstraat 6, 8810 Lichtervelde",yes,johan.vermandere1@telenet.be
http://baetensronny.be,Baetens Ronny,0495 60 98 85,"Dorpvaart 31, 9180 Moerbeke",yes,ronny.baetens@telenet.be
http://www.kovoconstruct.be,Kovo Construct,0478 74 69 44,"Moerkantsebaan 113, 2910 Essen",yes,info@kovoconstruct.be
http://www.fvervaeke.be,Vervaeke Frederik,056 71 38 30,"Nieuwstraat 9, 8792 Desselgem (Waregem)",yes,frederik@fvervaeke.be
http://www.vermeesenschilderwerkenlommel.be,Algemene Schilderwerken Vermeesen Eddie,0476 26 11 76,"Burgemeesterstraat 95, 3920 Lommel",yes,eddievermeesen@hotmail.com
http://www.pce-decoratie.be,PCE Decoratie,0473 53 49 17,"Wijnendalestraat 48, 8800 Beveren (Roeselare)",yes,info@pce-decoratie.be
http://www.xdeco.be,X-Deco,0479 40 01 89,"Blokkestraat 33, 8550 Zwevegem",yes,info@xdeco.be
http://dakwerkenvancraen.be,Van Craen,0475 77 81 89,"Trommelstraat 22/A, 2223 Schriek (Heist-op-den-Berg)",yes,rudi.van.craen@skynet.be
http://www.carloplevoets.be,Plevoets Carlo,011 68 68 11,"Industriezone Schurhovenveld 2407, 3800 Sint-Truiden",yes,info@carloplevoets.be
http://www.dakwerkenpeytier.be,Peytier Alg Dakwerken,052 37 59 30,"Dries 65, 9420 Bambrugge (Erpe-Mere)",yes,info@dakwerkenpeytier.be
http://www.vandercruyssen-bvba.be,Algemene Bouwwerken Vandercruyssen,09 226 51 75,"Peerstraat 195, 9000 Gent",yes,vandercruyssen.bvba@telenet.be
http://www.betonwerkenallconstruct.be,All Construct,055 42 53 56,"Industrielaan 20, 9660 Opbrakel (Brakel)",yes,all.construct@pandora.be
http://www.mm-renovation.be,M & M Renovation,0472 91 48 73,"Afrikalaan 295, 9000 Gent",yes,info@mm-renovation.be
http://www.tiptop-renovatie.be,Tip Top,03 775 20 75,"Parmastraat 62, 9120 Melsele (Beveren)",yes,info@tiptop-renovatie.be
http://www.camerier.be,Camerier Yoery,0477 28 48 31,"Peperstraat 0093, 1910 Nederokkerzeel (Kampenhout)",yes,schilderwerken.camerier@telenet.be
http://www.dakwerken-dewael.be,Dakwerken Dewael,0496 23 27 26,"Campstraat 23, 3670 Gruitrode (Meeuwen-Gruitrode)",yes,dakwerkendewael@telenet.be
http://www.vlc-leukemans.be,Bouwonderneming VLC Leukemans NV,015 26 20 98,"Koningin Astridlaan 25, 2800 Mechelen",yes,vlc@pandora.be
http://www.dakenisolatie.be,D & I Dak en Isolatie,0476 60 57 90,"Heuvelstraat 53, 3550 Heusden (Heusden-Zolder)",yes,info@dakenisolatie.be
http://www.dakwerkenbeineluc.be,Dakwerken Beine Luc,011 83 20 51,"Sint-Norbertusstraat 56, 3400 Landen",yes,info@dakwerkenbeineluc.be
http://www.grondwerkenclaes.be,Claes J,089 35 79 76,"Winterbeeklaan 35, 3600 Genk",yes,None
http://schilderwerkenclaerbout.be,Claerbout Schilderwerken,0472 62 70 15,"Kapellestraat 3, 9690 Ruien (Kluisbergen)",yes,info@schilderwerkenclaerbout.be
http://www.smetrent.be,Smet Rent,03 772 34 49,"Kleemstraat 21, 9111 Belsele (Sint-Niklaas)",yes,info@smetrent.be
http://www.mcm-bouw.be,MCM Algemeen Bouwbedrijf,03 312 82 20,"Energieweg 12, 2390 Oostmalle (Malle)",yes,info@mcm-bouw.be
None,Deputter Jos,016 72 02 04,"Malendriesstraat 61, 3370 Kerkom (Boutersem)",yes,None
http://renovatie-vrancken.be,Vrancken Bouw,0476 66 86 67,"Hooidonkstraat 42 A, 2560 Nijlen",yes,klinkerlegger@pandora.be
http://m.stroobandtrudi.be/nl/ms/ms/contact-sint-katelijne-waver-2860/ms-229654-p-3/,Stroobandt R,015 55 27 08,"Lagerheide 2, 2860 Sint-Katelijne-Waver",yes,rudi.stroobandt@telenet.be
http://www.aha-dakwerken.be,AHA-Dakwerken,0478 20 89 66,"Mollekestraat 1, 3830 Wellen",yes,erwin.hamal@gmail.com
http://www.vencodakwerken.be,Venco,052 22 35 52,"Reynoutstraat 14, 9200 Grembergen (Dendermonde)",yes,vencobvba@skynet.be
http://www.bouwondernemingdekeukeleire.be,Bouwonderneming De Keukeleire,0472 86 03 72,"Beekstraat 2, 9860 Oosterzele",yes,dieter.dekeukeleire@telenet.be
http://www.peterbondue.be,Bondue Peter,0476 20 69 38,"'s Graventafelstraat 7, 8980 Passendale (Zonnebeke)",yes,peterbondue@skynet.be
http://www.cloet.be,Cloet Gebr,051 74 43 79,"Lichterveldestraat 15, 8740 Pittem",yes,info@cloet.be
http://www.entrepreneur-renovation-seminara-construct.be,Seminara Construct,02 252 38 34,"Nijverheidsstraat 250, 1800 Vilvoorde",yes,seminara.construct.sprl@skynet.be
http://www.ch-projects.be,CH-Projects,0473 82 26 24,9280 Lebbeke,yes,info@ch-projects.be
http://www.d-en-d.be,D & D,051 20 24 24,"Oude Zilverbergstraat 105, 8800 Rumbeke (Roeselare)",yes,info@d-en-d.be
http://www.schilderwerkenlemmens.be,Schilderwerken Lemmens David,0499 30 23 93,"Grobbendonkseweg 81, 2560 Nijlen",yes,schilderwerkenlemmens@skynet.be
http://www.disztlsedakwerken.be,Disztlse Dakwerken,013 55 35 31,"Klein Broekstraat 23, 3271 Averbode (Scherpenheuvel-Zichem)",yes,info@disztlsedakwerken.be
None,Grond - en Afbraakwerken 's Jongers Rene BVBA,011 25 29 15,"Waterlozenstraat 73, 3550 Zolder (Heusden-Zolder)",yes,sjongers.rene@skynet.be
http://www.schrijnwerkerijdidden.be,Schrijnwerkerij Didden,0495 56 47 87,"Hamonterweg 84/A, 3910 Neerpelt",yes,info@schrijnwerkerijdidden.be
http://www.renovy.be,Renovy,0477 28 64 84,"Noordkaai 1/2, 8870 Izegem",yes,info@renovy.be
http://www.timmerenschrijnwerken-jovano.be,Jovano,0473 55 27 82,"Kaaistraat 26, 8850 Ardooie",yes,jochem.vanderschaeghe@hotmail.com
http://www.bouw-eeckhoutdelanghe.be,Algemene bouwonderneming Eeckhout-De Langhe,09 362 63 86,"Spiegel 24, 9860 Scheldewindeke (Oosterzele)",yes,bvba.eeckhout.delanghe@skynet.be
http://caboorenzonen.be,Caboor & Zonen,0473 76 68 12,"Buntstraat 94, 9940 Evergem",yes,caboor.zonen@skynet.be
http://www.metaaldeclercq.be,De Clercq Metaalconstructie,052 47 90 88,"Zwaarveld 11 A, 9220 Hamme",yes,None
http://www.aannemer-obreno.be,B Obreno,050 59 90 00,"Noordsterstraat 12, 8380 Dudzele (Brugge)",yes,b.obreno@skynet.be
None,Luxaconstruct,02 253 52 04,"Kwerpsebaan 290, 3071 Erps-Kwerps (Kortenberg)",yes,r.lauwers@lux-a-flux.be
http://www.d-a-k.be,D-A-K,0494 30 50 88,"Diestsesteenweg 301, 3010 Kessel-Lo (Leuven)",yes,info@d-a-k.be
http://afbraakwerkendufamgent.be,Dufam,0468 10 32 93,"Vliegtuiglaan 5/bus 5A, 9000 Gent",yes,info@dufam.be
http://www.renovatiewerkenregiogent.be,Renovatiekantoor Klavertje Vier,0499 73 32 89,"Vledermuisstraat 265/A, 9032 Wondelgem (Gent)",yes,info@renovatieklavertjevier.be
http://www.ramen-binnendeuren-trappen.be,Ambachtelijke  Schrijnwerkerij Ronny Wens bvba,014 37 05 52,"Veldenstraat 5 B, 2470 Retie",yes,info@ronnywens.be
http://www.verdonck-mol.be,Grondwerken Veno,014 81 11 14,"Heistraat 37, 2400 Mol",yes,info@verdonck-mol.be
None,Brasschaatse Woningservice,03 653 15 63,"Dullingen 91, 2930 Brasschaat",yes,calewaert.tom@gmail.com
http://delsolnv.be,Del Sol,056 40 22 89,"Noordstraat 1/1, 8560 Gullegem (Wevelgem)",yes,info@delsolnv.be
http://www.a1repair.be,A1 Repair,0475 91 62 51,"Halvemaanstraat 7, 9040 Sint-Amandsberg (Gent)",yes,cardon.eddy@telenet.be
None,Meerts en Zonen,014 65 60 77,"Stadstraat 28 A, 2380 Ravels",yes,info@meertsenzonen.be
http://www.dekuil.be,De Kuil,03 766 40 16,"Kuilstraat 70, 9250 Waasmunster",yes,info@dekuil.be
http://www.deco-bonny.be,Schilder- en decoratiewerken Bonny,0473 28 06 91,"Korenbloemstraat 35/A Holsbeek, 3210 Linden (Lubbeek)",yes,info@deco-bonny.be
http://www.christiaens-bouw.be,Bouwonderneming Christiaens,050 36 37 41,"Legeweg 155, 8020 Oostkamp",yes,info@christiaens-bouw.be
http://www.djsdakwerken.be,DJS Dakwerken,0473 58 18 65,"Nijken 46A, 9400 Denderwindeke (Ninove)",yes,info@djsdakwerken.be
http://www.cb-construct.be,CB-Construct,015 22 92 10,"Industriepark A 47A, 2220 Heist-op-den-Berg",yes,info@cb-construct.be
None,Bestratingen Lambrechts,0475 22 55 49,"'t Zant 27, 3520 Zonhoven",yes,info@bestratingenlambrechts.be
http://www.bouwbedrijfherremans.com,Bouwbedrijf Herremans,0475 65 12 59,"Notelaarstraat 21, 2620 Hemiksem",yes,info@bouwbedrijfherremans.com
http://www.daanschildersbedrijf.be,Daan  Schildersbedrijf,03 652 11 33,"Kardinaal Cardijnplein 12, 2930 Brasschaat",yes,daan@daanschildersbedrijf.be
http://www.dillens.be,Dillens Algemene Bouwwerken,02 356 56 70,"Kromstraat 41, 1500 Halle",yes,info@dillens.be
http://www.leedsedakwerken.be,Leedse Dakwerken,0479 89 27 13,"Kleiweg 23, 9340 Lede",yes,info@leedsedakwerken.be
http://www.rmconcepts.net,RM Concepts,0476 26 35 52,"Klinkaardstraat 182, 2950 Kapellen",yes,info@rmconcepts.net
http://www.schilderwerkencolipaint.be,Colipaint,0473 77 44 23,"Grasdreef 20, 8790 Waregem",yes,info@schilderwerkencolipaint.be
http://www.mahieuservices.be,Mahieu Services,0479 59 51 32,"Heembeekstraat 19, 1800 Vilvoorde",yes,johan.mahieu@telenet.be
http://www.dinihout.be,Dinihout,0472 73 12 81,"Koekelarestraat 66 A, 8610 Kortemark",yes,dinihout@hotmail.com
http://www.renotechvlezenbeek.be,Renotech,02 532 06 09,"Rekerstraat 53, 1602 Vlezenbeek (Sint-Pieters-Leeuw)",yes,jos.de.witte@pandora.be
http://schrijnwerkervervoort.be,Vervoort Projecten,03 488 57 34,"Liersesteenweg 256, 2590 Berlaar",yes,info@vervoort-projecten.be
http://www.verheyenbinnenhuisinrichting.be,Verheyen bvba,03 458 47 52,"Boniverlei 257, 2650 Edegem",yes,info@kurkgevel.be
http://www.lds-dakwerken.be,LDS-Dakwerken BVBA,0476 74 08 51,"Dranouterstraat 15, 8950 Nieuwkerke (Heuvelland)",yes,info@lds-dakwerken.be
http://dakwerken-dryepondt.be,Dakwerken Dryepondt Dirk,0477 33 18 66,"Lapscheurestraat 11, 8340 Lapscheure (Damme)",yes,dryepondt.dirk@telenet.be
http://www.roofingserviceantwerpen.be,Roofing Service,03 272 06 87,"Everaertsstraat 78, 2060 Antwerpen",yes,roofingservice@skynet.be
None,Verschoot,0475 86 02 03,"Doelstraat 148, 8770 Ingelmunster",yes,verschoot@skynet.be
http://www.mortelmans-nv.be,Aannemingen Mortelmans,03 480 01 05,"Neerloop 9, 2500 Lier",yes,mortelmans.nv@skynet.be
http://www.schilderwerkenherentals.be,De Kwaliteitsschilder,0478 22 09 11,"Rozenstraat 67, 2200 Herentals",yes,bruno_knabe@skynet.be
http://www.gemoco.be,Gemoco,089 41 52 80,"Oude Heidestraat 81, 3740 Munsterbilzen (Bilzen)",yes,info@gemoco.be
http://www.facebook.com/asbschilderwerken/,Asb Schilderwerken,0476 61 90 00,"Sint-Petrusstraat 19, 3580 Beringen",yes,None
http://www.schrijnwerkenslembrouck.com,Algemene schrijnwerken Slembrouck,0476 72 63 99,"Meensesteenweg 78, 8800 Roeselare",yes,sven.slembrouck@hotmail.com
http://www.jacquesmonteyne.be,Monteyne Jacques,051 30 18 95,"Ambachtenstraat 2-4, 8870 Izegem",yes,jacques.monteyne@skynet.be
http://www.nvwillekens.be,Willekens Bouwwerken,011 61 03 61,"Bedrijfsstraat 11 B, 3990 Grote-Brogel (Peer)",yes,info@nvwillekens.be
http://www.fg-voegwerken.be,FG-Voegwerken,0473 61 41 00,"Geebroek 27, 3700 Tongeren",yes,info@fg-voegwerken.be
http://tomdierick.be,Dierick Tom,0476 27 33 04,"Hekkestraat 50, 9200 Grembergen (Dendermonde)",yes,tom.dierick@telenet.be
http://www.noterman.be,Noterman Putboringen,055 42 84 99,"Steenweg 18 B, 9661 Parike (Brakel)",yes,info@noterman.be
http://www.aannemerwoningbouwrikbouwherzele.be,Rik Bouw,053 63 18 56,"Kasteelstraat 20, 9550 Woubrechtegem (Herzele)",yes,info@rikbouw.be
http://www.deruco.be,Deruco,03 321 03 06,"Sint-Rochusstraat 193, 2100 Deurne (Antwerpen)",yes,deruco@deruco.be
http://www.renov-5.be,Renov 5,0495 72 12 68,"Heistraat 167, 2610 Wilrijk (Antwerpen)",yes,renov5@gmail.com
None,Lambrecht Schilder- en Behangwerken,0497 41 21 26,"Riemesteenweg 157 2, 9940 Ertvelde (Evergem)",yes,info@schilderwerkenlambrecht.be
http://www.grondwerken-doom.be,Doom Grondwerken,057 28 01 66,"Westouterseweg 16, 8970 Poperinge",yes,None
http://www.ucon-nv.be,Universal Connections,0460 94 96 49,"Fonsnylaan 65, 1000 Brussel",yes,info@ucon-nv.be
https://www.bouwwerken-nicola.be,Bouwwerken Nicola,0476 91 98 59,"De Pacht 14A, 9506 Nieuwenhove (Geraardsbergen)",yes,bouwwerken.nicola@outlook.be
http://www.abramen.be,Afrasini Dorel,0484 75 67 78,"Hutteweg 5, 1910 Kampenhout",yes,dorel.afrasini@gmail.com
https://www.boelensdesmet.be,Boelens-De Smet,09 373 48 06,"Finlandstraat 8, 9940 Evergem",yes,kurt@boelensdesmet.be
http://www.lavensjonas.be,Grond & Afbraakwerken Lavens Jonas,0497 43 90 16,"Hoveniersstraat 35, 2840 Rumst",yes,lavensjonas@telenet.be
http://www.euronet-vanbelle.be,Euronet,02 347 21 73,"Henri Maubelstraat 53, 1190 Vorst",yes,euronet@euronet-vanbelle.be
http://www.decorateurverstraete.be,Verstraete-Jonckheere & zoon,059 30 07 01,"Populierenlaan 41, 8430 Middelkerke",yes,maite@decorateurverstraete.be
https://vmlrenovatiewerken.be,VML renovatiewerken,0483 43 77 65,"Europastraat 18, 3550 Heusden (Heusden-Zolder)",yes,vml@outlook.be
http://www.rensbouw.be,Rens Bouw,0471 89 25 99,"Langenakker 46/c, 3830 Wellen",yes,info@rensbouw.be
http://www.rfcc.be,R & FCC,09 226 37 56,"Aalterstraat 67, 8755 Ruiselede",yes,info@rfcc.be
http://budprotect.be,Budprotect,0479 50 37 79,"Kapelstraat 221, 2660 Hoboken (Antwerpen)",yes,renovatie@op.pl
http://www.abso.be,Abso,09 226 66 60,"Buntstraat 90, 9940 Evergem",yes,info@abso.be
http://www.asdemo.be,Asdemo,09 330 59 62,"Antoon De Pesseroeylaan 46, 9831 Deurle (Sint-Martens-Latem)",yes,info@asdemo.be
http://www.molenschot.com,Molenschot Industriebouw,014 82 94 94,"Nijverheidsstraat 5, 2490 Balen",yes,info@molenschot.com
None,Prodak Dakwerken,0486 17 05 47,"Statiestraat 20, 2340 Vlimmeren (Beerse)",yes,prodakdakwerken@gmail.com
http://www.bouwwerkensimoen.be,Benny & Miguel Simoen,0475 55 98 70,"Elsbosstraat 36, 9200 Sint-Gillis-Bij-Dendermonde (Dendermonde)",yes,benny.simoen@telenet.be
http://www.schilderwerkenspecialecoatings.com,GNS,0473 13 56 72,"Gorzendreef 8, 2360 Oud-Turnhout",yes,bevox@telenet.be
http://eurodakwerkenbeersel.be,Euro-Dakwerken,0473 84 10 60,"Bergensesteenweg 123, 1651 Lot (Beersel)",yes,euro.toiture@belgacom.net
None,Grond- en Afbraakwerken Robin Godrie,03 297 64 75,"Schotensteenweg 160, 2960 Brecht",yes,robingodrie@hotmail.com
http://www.jasperdebels.be,Jasper Debels Timmer- en Schrijnwerk,0497 41 23 58,"Waterstraat 5/5, 8890 Moorslede",yes,info@jasperdebels.be
http://www.smeyersfransenzonen.be,Smeyers Frans & Zonen,013 77 41 32,"Steenweg Diest 89, 3271 Zichem (Scherpenheuvel-Zichem)",yes,willy.smeyers@telenet.be
http://www.hespeel.com,Decoratie- en Schilderwerk Hespeel,057 33 59 30,"Sappenleenstraat 7-9, 8970 Poperinge",yes,info@hespeel.com
http://www.weltensrecycling.be,Weltens Recycling,011 64 78 52,"Breughelstraat 52, 3910 Neerpelt",yes,weltens.recycling@skynet.be
http://steenstrips-dakwerken-antwerpen.be,Seram,0495 35 95 73,"Jodenstraat 38, 2000 Antwerpen",yes,info@serambvba.be
http://www.vandenabeelenv.be,Van den Abeele & Co,09 366 30 18,"Kwatrechtsteenweg 142A, 9230 Wetteren",yes,vdabeele.nv@belgacom.net
http://www.aannemerappartementenantwerpen.be,Algemene Bouwonderneming Gebr. Loos,014 85 22 03,"Nachtegaalstraat 1 B, 2460 Kasterlee",yes,gebr.loos@scarlet.be
http://www.debiehugo.be,De Bie Hugo,015 51 77 92,"Nindsebaan 14 A, 3140 Keerbergen",yes,hugo.de.bie@telenet.be
http://www.achbuild.be,A C H Bouw,03 238 69 66,"Desguinlei 22, 2018 Antwerpen",yes,info@achbuild.be
http://www.veldeman-bvba.be,Veldeman Aannemingen,052 21 67 32,"Bosveld 20, 9200 Dendermonde",yes,info@veldeman-bvba.be
http://www.finishingworks.be,Van der Meeren Ivo (Finishing Works),0472 21 98 31,"Bruggeveldstraat 36, 1700 Sint-Ulriks-Kapelle (Dilbeek)",yes,finishingw@gmail.com
http://www.grconstructenrenovatie.be,GR Construct en Renovatie,0473 74 10 70,"Einderheibosstraat 18, 3665 As",yes,ronny.grondelaers@telenet.be
http://www.ilvero.be,Ilvero,0477 43 41 00,"Stijn Streuvelslaan 2, 3128 Baal (Tremelo)",yes,info@ilvero.be
http://smeetsonline.be,Smeets,03 475 19 91,"Ranstsesteenweg 201, 2520 Ranst",yes,info@smeetsonline.be
http://michaelduyshaver.be,Duyshaver Michael,054 56 76 99,"Krepelstraat 93F, 9400 Denderwindeke (Ninove)",yes,michael.duyshaver@skynet.be
http://www.schilderwerkenantwerpenvandenbosch.be,Van Den Bosch & Zn,03 480 37 11,"Hagenbroeksesteenweg 191, 2500 Lier",yes,schilderwerken.vandenbosch@skynet.be
http://www.belgiumbuilding.be,Belgium Building bvba,0485 91 59 95,"Schaliestraat 41/E, 9000 Gent",yes,info@belgium-building.be
http://www.oudemetalenschmitz.be,Schmitz G BVBA,015 55 33 62,"Gestellei 19, 2820 Bonheiden",yes,info@oudemetalenschmitz.be
http://afbraakwerkendielis.be,Gebr Dielis Slopingsbedrijf NV,014 61 38 24,"Industrieweg 3, 2340 Beerse",yes,stefan.dielis@telenet.be
http://www.aquazinc.be,Aqua-Zinc,02 731 77 53,"Ferdinand Kinnenstraat 84, 1950 Kraainem",yes,aqua-zinc@skynet.be
http://www.vedecostyling.be,Vedeco Styling,0476 49 12 97,"Sint-Lambertusstraat 1, 2600 Berchem (Antwerpen)",yes,vedecostyling.ckc@gmail.com
http://www.adjilconstructbvba.be,Adjil Construct,0485 75 96 66,"Provinciale Steenweg 40-42/6, 2627 Schelle",yes,adjilconstruct@gmail.com
http://www.ijzerland.be,AA IJzerland,03 685 07 19,"De Hoge Keer 1A, 2160 Wommelgem",yes,info@ijzerland.be
None,Daktechniek MPB,016 98 02 96,"Beerzelstraat 20, 2580 Beerzel (Putte)",yes,daktechniekmpb.bv@gmail.com
http://www.calleeuwblieck.be,Algemene Bouwonderneming Calleeuw-Blieck,050 54 66 52,"Monnikenwerve 8, 8000 Brugge",yes,info@cbbouw.be
http://www.tilbo-construct.be,Tilbo - Construct,0486 73 17 69,"Visvangststraat 56, 3582 Koersel (Beringen)",yes,tilbo-construct@telenet.be
http://www.claudevdb.be,Vandenbroucke Claude,050 21 30 69,"Groenhovestraat 24, 8820 Torhout",yes,info@claudevdb.be
http://www.woningbouw-vanhove.be,Algemene Bouwonderneming Danny Van Hove,03 711 23 93,"Doornstraat 57, 9140 Temse",yes,info@woningbouw-vanhove.be
http://www.schilderaarschot.be,At Decoratie,0496 92 76 89,"Testeltsesteenweg 80, 3201 Langdorp (Aarschot)",yes,info@atdecoratie.be
http://www.bouwwerken-vlerick.be,Bouwwerken Vlerick,0475 91 46 33,"Pont-Zuid 24, 9840 Zevergem (De Pinte)",yes,georgesvlerick@skynet.be
None,Algemene dakwerken Vanzieleghem,09 324 82 17,"Orchideestraat 27, 9041 Oostakker (Gent)",yes,dakwerken_vanzieleghem@hotmail.com
http://www.dakwerken-johann.be,Dakwerken Johann,0498 22 48 21,"Lindelei 144, 2620 Hemiksem",yes,dakwerken-johann@telenet.be
http://www.dakwerken-cpd.be,Dakwerken CPD,015 64 00 50,"Moerstraat 7, 2830 Tisselt (Willebroek)",yes,info@dakwerken-cpd.be
None,Bouwwerken FDV,09 330 80 31,"Vliegpleinkouter 24, 9030 Mariakerke (Gent)",yes,franky.devetter@telenet.be
http://www.stoopprojects.be,Stoop Projects,03 775 24 64,"Gentseweg 299, 9120 Beveren-Waas (Beveren)",yes,info@stoopprojects.be
http://www.grondwerkencocquyt.be,Cocquyt BVBA,09 355 70 99,"Toleindestraat 115, 9080 Beervelde (Lochristi)",yes,marleen@cocquyt-bvba.be
http://www.verstraeteschilderwerken.be,Manuel Verstraete Schilderwerken,0494 07 51 55,"Bollestraat 25B, 8830 Gits (Hooglede)",yes,manuelverstraete@outlook.com
http://www.beterwonen.be,Maisin Decor,0496 24 02 33,"Drogenberg 77, 3090 Overijse",yes,thomasmaisin@hotmail.com
http://bezettingswerkenvermeire.be,Vermeire Patrick,0496 86 73 62,"Boudewijnhof 14, 2870 Puurs",yes,cvba_vermeire@hotmail.be
http://www.dvprojects.be,DV Projects BVBA,053 83 28 00,"Zwarthaar 11, 9450 Haaltert",yes,info@dvprojects.be
http://www.timvyverman.be,Vyverman Tim,0499 47 35 56,"Veldstraat 11, 9420 Burst (Erpe-Mere)",yes,vyverman.tim@telenet.be
http://www.jh-decor.com,JH decor,0494 60 20 39,"Invalidenstraat 82, 8310 Sint-Kruis (Brugge)",yes,jhdecor@telenet.be
http://bo-bois.be,Bo-Bois,056 33 32 59,"Ijzeren Bareel 75, 8587 Spiere (Spiere-Helkijn)",yes,contact@bo-bois.com
http://www.kermans.be,Grondwerken Kermans BVBA,0477 22 17 35,"Groenlaan 29, 2980 Zoersel",yes,info@kermans.be
http://www.dakwerken-adriaens.be,Dakwerken Adriaens,054 33 02 18,"Pamelstraat 410, 9400 Ninove",yes,info@dakwerken-adriaens.be
None,Bouwwerken Ludo Taels,013 66 83 61,"Hofstraat 37, 3980 Tessenderlo",yes,None
http://vroofing.be,V-Roofing,0472 85 70 24,"Beverenstraat 72, 8540 Deerlijk",yes,info@v-roofing.be
http://www.solarconstructs.be,VLW Construct,0472 69 40 00,"Meerhout 8, 9080 Lochristi",yes,info@vlwzonnepanelen.be
http://www.bouwwerken-notte.be,Bouwwerken Notte & Zonen BVBA,09 252 30 45,"Veldakkerwegel 36, 9230 Wetteren",yes,nottebouw@pandora.be
None,Umans Dries,0475 29 18 31,"Wezelstraat 36, 2800 Mechelen",yes,driesmans@icloud.com
http://www.jefmeylemans.be,Meylemans Alex,0476 28 99 47,"Pastoor Van Looystraat 49, 2250 Olen",yes,jefmeylemans@telenet.be
http://www.schrijnwerkerij-rr.be,Rymenants Robbie,0498 53 76 14,"Stationsstraat 130, 2235 Westmeerbeek (Hulshout)",yes,info@schrijnwerkerij-rr.be
http://adamsgebroeders.be,Adams Gebroeders,016 40 16 60,"Vlierbeekstraat 19, 3052 Blanden (Oud-Heverlee)",yes,adams.gebr.bvba@skynet.be
http://www.bouwbedrijfbeveren.be,Santon J Algemene Bouwonderneming,03 773 39 23,"Dorpsstraat 36, 9130 Kieldrecht (Beveren)",yes,jozef.santon@telenet.be
http://seta-dak.be,Seta-Dak,0486 31 18 90,"Steenweg 55, 3570 Alken",yes,seta-dak@telenet.be
http://www.vanhoyweghensigi.be,Vanhoyweghen Sigi,0477 42 73 01,"Kruisbeeldstraat 176, 9220 Hamme",yes,info@vanhoyweghensigi.be
None,Deco Creations,0472 77 23 80,"Sint-Michielsstraat 27, 3020 Veltem-Beisem (Herent)",yes,decocreations@proximus.be
http://www.grondwerkenheyrman.be,Heyrman Urbain Grondwerken,03 755 15 51,"Boerenstraat 11, 9120 Beveren-Waas (Beveren)",yes,urbain@grondwerkenheyrman.be
http://www.deco-wim.be,Deco-wim,0498 52 21 96,"Vinaafstraat 11, 3360 Opvelp (Bierbeek)",yes,wim.daron@deco-wim.be
http://www.tuinaanleg-vanseveren.be,Tuinaanleg Vanseveren bvba,03 772 20 88,"Leebrugstraat 8A, 9112 Sinaai (Sint-Niklaas)",yes,info@tuinaanleg-vanseveren.be
http://www.standingconstruct.be,Standing Construct,014 58 27 20,"Winkelom 83, 2440 Geel",yes,info@standingconstruct.be
http://www.bouw-laevens.be,Laevens Bouwonderneming,056 75 77 94,"Otegemstraat 381, 8550 Zwevegem",yes,laevens.dirk@telenet.be
http://www.daktimmerwerkenvanwynsberghe.be,Vanwynsberghe,056 77 83 37,"Zwevegemsestraat 143, 8530 Harelbeke",yes,luc@lucvwb.be
http://www.bouwwerkenjanraes.be,Bouwwerken Raes Jan,051 43 60 65,"Westrozebekestraat 79, 8840 Oostnieuwkerke (Staden)",yes,bouwwerken.raes@telenet.be
http://www.zen-decoratiebouw.be,Rudy Van Bael,0477 87 23 35,"Heurbeek 22, 3210 Lubbeek",yes,info@schilderwerkenzen.be
None,Lanszweert Stefaan,050 37 51 31,"Boogschutterslaan 38, 8310 Sint-Kruis (Brugge)",yes,stefaan.lanszweert@skynet.be
http://www.wimjansen-dakwerken.be,Wim Jansen Dakwerken,011 66 23 31,"Weidestraat 29, 3920 Lommel",yes,wim.jansen12@telenet.be
http://www.decoratiesmets.be,Decoratiewerken Smets,014 37 48 40,"Kelderbeemd 2, 2470 Retie",yes,info@decoratiewerkensmets.be
None,Groep IBR,0475 84 37 49,"Morekstraat 99, 9032 Wondelgem (Gent)",yes,ibrlvh@skynet.be
http://www.recyclagebedrijf-vanraemdonck.be,Van Raemdonck,03 755 46 72,"Nieuwstraat 121, 9190 Stekene",yes,van.raemdonck.nv@gmail.com
http://algemenedakwerkenbuelens.be,Algemene dak- en gevelwerken Buelens,016 29 72 92,"Basdongenstraat 25C, 3120 Tremelo",yes,info@algemenedakwerkenbuelens.be
http://baele-afbraakwerken.be,Baele Philip,055 49 53 59,"Dries 52, 9630 Sint-Denijs-Boekel (Zwalm)",yes,btgro@telenet.be
http://www.e-w-l.be,EWL,0471 44 45 00,"Verloren Hoek 4, 1760 Roosdaal",yes,INFO@EWL-BVBA.BE
http://www.mrprojects.be,MR Projects,0489 87 57 73,"Heihoef 3/UNIT9, 2275 Wechelderzande (Lille)",yes,info@mrprojects.be
http://www.dakwerken-van-der-jonckheyd.be,Van der Jonckheyd,None,"Appelvinklaan 27, 2960 Sint-Job-in-'t-Goor (Brecht)",yes,info@dakwerkenvanderjonckheyd.be
http://dirkbauwens.be,Dirk Bauwens,09 357 34 80,"Schildekenstraat 20, 9940 Ertvelde (Evergem)",yes,info@dirkbauwensnv.be
http://dakwerkerjacobsronse.be,Dakwerken Eddy Jacobs,0478 63 37 78,"Mussenstraat 50, 9600 Ronse",yes,eddyjacobsdak@skynet.be
https://gevelreiniging-rubens.be,Rubens Gebr,012 45 26 04,"Paenhuisstraat 30, 3770 Riemst",yes,info@gevelreiniging-rubens.be
http://www.ldasenzoon.be,L. Das en Zoon,03 887 65 40,"Steenwinkelstraat 472, 2627 Schelle",yes,g.das@skynet.be
http://www.bouwwerken-vanbroekhoven.be,Bouwwerken Davy Van Broekhoven,0475 21 69 46,"De Belder 40, 3640 Ophoven (Kinrooi)",yes,info@bouwwerken-vanbroekhoven.be
None,De Kerf Geert,0475 83 06 81,"Vilain XIIII-Laan 19, 9150 Bazel (Kruibeke)",yes,geert.dekerf@telenet.be
http://www.adbvba.be,A.D,014 30 18 40,"Straal 23, 2491 Olmen (Balen)",yes,info@adbvba.be
http://www.grondwerkenpeel.be,Grondwerken Glenn Peel,0476 55 22 98,"Kalkaartweg 22, 8432 Leffinge (Middelkerke)",yes,glenn.peel1@telenet.be
http://eurobouw.be,Eurobouw,0485 20 53 25,"Rootenstraat 15 13, 3600 Genk",yes,info@eurobouw.be
http://www.vanechelpoel-eric.be,Van Echelpoel Eric,03 658 87 76,"Oudaen 3, 2970 's-Gravenwezel (Schilde)",yes,info@vanechelpoel-eric.be
http://www.dakwerkenhdl.be,HDL Dakwerken,015 33 17 49,"Kruynighemstraat 6, 2811 Hombeek (Mechelen)",yes,info@dakwerkenhdl.be
https://www.stelimetrecycling.be,Stelimet,089 35 27 93,"Swinnenwijerweg 26, 3600 Genk",yes,None
None,Swillen Tom,0486 03 21 24,"Jordaanstraat 2, 3370 Willebringen (Boutersem)",yes,tswillen@hotmail.com
http://www.dakwerkendelbroek.be,Dakwerken Delbroek,0478 34 33 95,"Kouterpad 10, 1850 Grimbergen",yes,dakwerken.delbroek@gmail.com
None,Schilderwerken Degryse,0479 32 38 22,"Herdersstraat 86, 8800 Roeselare",yes,schilderwerkendegryse@gmail.com
None,Van Gompel Stefan,0496 23 57 78,"Bakkershoefstraat 6, 3650 Dilsen-Stokkem",yes,stefanvangompel@hotmail.com
http://recyclagegent.be,De Sutter-Goethals,09 375 14 00,"Westbeke 2C/8867F, 9940 Evergem",yes,desuttergoethals@skynet.be
http://edkentrepreneurbatiments.be,EDK,02 735 88 90,"Auguste Lambiottestraat 144, 1030 Schaarbeek",yes,edk@edk.be
http://www.olivierlecluyse.be,Olivier Lecluyse BVBA,0470 50 47 89,"Nieuwstraat 93, 8792 Desselgem (Waregem)",yes,info@olivierlecluyse.be
http://www.liebo.be,Liebo Bouwbedrijf,053 62 84 50,"Neerwegstraat 25, 9550 Woubrechtegem (Herzele)",yes,liebo@telenet.be
http://www.docatechnics.be,DOCA TECHNICS,0496 63 59 42,"Wolvenstraat 5, 2861 Onze-Lieve-Vrouw-Waver (Sint-Katelijne-Waver)",yes,info@docatechnics.be
http://www.debruynemarc.be,De Bruyne Agro,09 344 50 76,"Stoepestraat 5D, 9960 Assenede",yes,info@debruynemarc.be
http://www.stefceulemans.be,Stef Ceulemans,0477 30 77 59,"Langstraat 6, 2223 Schriek (Heist-op-den-Berg)",yes,stef.ceulemans@skynet.be
http://www.schilderwerkengielkens.be,Schilderwerken Gielkens,0478 96 12 09,"Kleine Marsestraat 15, 3950 Kaulille (Bocholt)",yes,schilderwerkengielkens@live.be
http://www.handydecor.be,Handydecor,0492 84 84 48,"DOCKAERTSTRAAT 4, 8620 NIEUWPOORT",yes,info@handydecor.be
http://huysmarc.be,Huys Marc,050 32 15 00,"Kapellestraat 10, 8377 Houtave (Zuienkerke)",yes,bvba.marc.huys@telenet.be
http://www.bo-paint.be,Bo-Paint bvba-Rik Cokele,056 40 30 38,"Schonekeerstraat 207, 8930 Lauwe (Menen)",yes,info@bo-paint.be
http://www.bricksandmortar.be,Bricks & Mortar,0475 60 72 80,"Patatestraat 37, 1861 Wolvertem (Meise)",yes,info@bricksandmortar.be
None,De Sterck Rudy,0476 99 65 90,"Spoorwegstraat 35, 9550 Herzele",yes,voegwerkenrudyds@hotmail.com
http://www.voegwerken-gevelreiniging-vandun.be,Voegwerken Van Dun,0485 78 93 88,"Bredaseweg 5, 2381 Weelde (Ravels)",yes,voegwerkenvandun@gmail.com
http://woningbouwfeys.be,Feys Building,0496 25 28 61,"Loppemsestraat 42B, 8210 Zedelgem",yes,info@feysbuilding.be
http://www.jansco.be,Algemene Schilderwerken Jansco bvba,03 454 42 69,"Boniverlei 34, 2650 Edegem",yes,info@jansco.be
http://www.grondwerken-nickprovinciael.be,Grondwerken Nick Provinciael,0497 39 08 47,"Waterstraat 39, 2860 Sint-Katelijne-Waver",yes,info@grondwerken-nickprovinciael.be
http://www.unicas.be,Unicas,054 30 03 01,"Kerkstraat 38, 1755 Oetingen (Gooik)",yes,info@unicas.be
http://www.colinex.be,Colinex Interior Concepts,0473 77 44 23,"Grasdreef 20A, 8790 Waregem",yes,info@colinex.be
https://www.hendrixdakbedekking.com,Hendrix Dakbedekking,089 56 77 05,"Diestersteenweg 348, 3680 Maaseik",yes,info@hendrixdakbedekking.com
http://www.dakwerkenheylentoon.be,Heylen Toon,014 21 64 67,"Nachtegaalstraat 13, 2250 Olen",yes,None
http://www.irs-design.be,IRS Design,011 74 84 92,"Schabbestraat 16, 3511 Stokrooie (Hasselt)",yes,romain.schruers@telenet.be
http://www.schrijnwerkerijtheunis.be,Schrijnwerken Theunis,0479 66 19 42,"Dijkstraat 107, 3581 Beverlo (Beringen)",yes,schrijnwerkerijtheunis@hotmail.com
http://www.machielsrafbvba.be,Machiels Raf,011 96 06 49,"Dorpheidestraat 134/A, 3590 Diepenbeek",yes,raf.machiels@telenet.be
http://www.grondwerkenmeysmansbjorn.be,Grondwerken BJORN Meysmans,0475 63 06 12,"Lombaardstraat 47, 2860 Sint-Katelijne-Waver",yes,bjorn.meysmans@telenet.be
http://schrijnwerkerijagten.be,Agten schrijnwerkerij en dakwerken,011 73 46 35,"De Vreedestraat 3, 3941 Eksel (Hechtel-Eksel)",yes,info@schrijnwerkerijagten.be
http://www.jkvandeneynde.be,Van Den Eynde J & K,014 54 95 43,"Liesdonk 13, 2440 Geel",yes,grondwerken@jkvandeneynde.be
http://www.bouwwerkenlaenens.be,Bouwwerken Fr. Laenens bvba,02 270 13 82,"Kleine Klepperstraat 2, 1861 Wolvertem (Meise)",yes,l.laenens@skynet.be
https://www.verbruggedecoratie.be,Verbrugge schilder- en decoratiewerken,0498 44 18 44,"Lommergoed 34, 8560 Gullegem (Wevelgem)",yes,diegoverbruggedecoratie@gmail.com
http://www.dockx-en-zn.be,Dockx M & Zn,015 55 20 28,"Mechelsesteenweg 206, 2860 Sint-Katelijne-Waver",yes,None
http://www.hollevoet.be/,Hollevoet,058 31 19 27,"Statiestraat 21, 8630 Veurne",yes,info@hollevoet.be
None,Temmerman S,054 50 16 23,"Sint-Lievensplein 10, 9550 Sint-Lievens-Esse (Herzele)",yes,schrijnwerkerijstefan@hotmail.com
None,Herpelinck Bart,057 33 38 16,"Casselstraat 124, 8970 Poperinge",yes,bart.herpelinck@telenet.be
http://schrijnwerkerdendermonde.be,Verhaegen,0475 78 99 34,"Bareelstraat 3, 9200 Sint-Gillis-Bij-Dendermonde (Dendermonde)",yes,verhaegen.francois@skynet.be
http://www.schilderwerkengalmaarden.be,NC Creations,0498 03 84 64,"Coppenslaan 32, 1570 Vollezele (Galmaarden)",yes,nc@nccreations.be
http://www.lasuy.be,Lasuy,056 64 78 09,"Vierkeerstraat 80, 8551 Heestert (Zwevegem)",yes,schilderwerken.lasuy@gmail.com
http://schilderwerken-zonhoven-lenaerts.be,Algemene Schilderwerken Lenaerts Freddy,0475 62 60 56,"Wijerstraat 16, 3520 Zonhoven",yes,freddy.lenaerts@telenet.be
http://www.grovam.be,Grovam,052 33 81 41,"Fabriekstraat 41, 9200 Baasrode (Dendermonde)",yes,info@grovam.be
http://www.peter-kennes.be,PK Gevelrenovatie,0497 32 80 56,"Moederhoefstraat 194, 2547 Lint",yes,peterkennes@skynet.be
None,BRT bouw,0479 71 03 26,"Maurits Sabbestraat 26, 8400 Oostende",yes,berttomme@gmail.com
http://www.m-painting.be,M-Painting,0478 03 92 32,"Bosstraat 122 A, 3830 Wellen",yes,info@m-painting.be
http://www.vymetal.be,Vymetal,0495 26 86 23,"Beukenhofstraat 77, 8570 Vichte (Anzegem)",yes,info@vymetal.be
http://www.verwypaint.be,A.D. Verwy Paint,014 26 35 39,"Molenstraat 48, 2200 Morkhoven (Herentals)",yes,eddyverwimp@gmail.com
http://www.renovatie-vrancken.be,Vrancken Bouw & Renovatie,03 481 87 21,"Hooidonkstraat 42 A, 2560 Nijlen",yes,vrancken.bouw@telenet.be
None,ADL Groep,0496 49 57 33,"Charlottalei 37, 2620 Hemiksem",yes,adlgroep@gmail.com
http://www.gefrax.be,Gefrax,0477 25 82 20,"Sassenhout 110/C, 2290 Vorselaar",yes,info@gefrax.be
http://schrijnwerkerijherne.be,Schrijnwerkerij Desmet,02 396 18 21,"Bloemendaelstraat 10, 1540 Herne",yes,desmet_nv@belgacom.net
http://www.bouwbedrijfphilippaerts.be,Philippaerts Bouwbedrijf,0475 58 86 98,"Grevensmolenweg 132, 3800 Sint-Truiden",yes,info@bouwbedrijfphilippaerts.be
http://www.grondwerkencoppens.be,Coppens grondwerken,0476 24 10 75,"Eesbeekstraat 33, 9506 Nieuwenhove (Geraardsbergen)",yes,info@grondwerkencoppens.be
http://www.renovatie-vlaamsbrabant.be,Hem,02 253 04 00,"Westvaartdijk 157, 1850 Grimbergen",yes,pieter@hembvba.be
http://www.vsrenovatie.be,VS-Renovatie,0475 48 34 62,"Warandestraat 55, 9810 Nazareth",yes,info@vsrenovatie.be
http://schilderwerkendaviddeclercq-gent.be,De Clercq D,0495 51 27 67,"Boskeetstraat 38, 9031 Drongen (Gent)",yes,de.clercq.david@telenet.be
http://www.wilrijksedakwerken.be,Wilrijkse Dakwerken,03 825 46 74,"Caronstraat 59, 2660 Hoboken (Antwerpen)",yes,info@wilrijksedakwerken.be
http://www.vaneenoo.be,Vaneenoo,051 65 61 78,"Rakestraat 25 A, 8750 Wingene",yes,info@vaneenoo.be
